id,user_id,subject_id,day,period,start_time,end_time,room,department,semester
bc864e37-7a10-448f-a987-bd4ddc234931,,bcfa643a-f890-4eea-90ca-9ea91f079bc3,Monday,1,08:00:00,08:55:00,CR 5,E02,5
433f1fb8-e5f4-4ac0-8594-fca72be53cd1,,bcfa643a-f890-4eea-90ca-9ea91f079bc3,Monday,2,08:55:00,09:50:00,CR 5,E02,5
3144c19d-5219-4541-8e00-eaf249f278cf,,5f1c51b5-0c4e-46da-b214-a3d3528b6602,Monday,3,10:10:00,11:05:00,CR 5,E02,5
577bbb3c-a3cb-4e42-9cfa-f5ea3ed286c2,,5f1c51b5-0c4e-46da-b214-a3d3528b6602,Monday,4,11:05:00,12:00:00,CR 5,E02,5
826b9d4a-2a5f-4e18-896e-1313e2c8b4a7,,dc9eb394-88af-497d-9abe-6082ad94c781,Monday,5,13:00:00,13:50:00,CR 5,E02,5
d4a308ce-97a1-4e6f-8356-0c3c8b778045,,dc9eb394-88af-497d-9abe-6082ad94c781,Monday,6,13:50:00,14:40:00,CR 5,E02,5
6844d1e7-4008-477d-966c-574cd251f675,,b7f32899-c477-408e-aab5-bbf99ff7c5c3,Monday,7,14:55:00,15:45:00,CR 5,E02,5
b5d3a70e-5c29-4de5-90b2-d9e0c3761488,,4ea199b4-9c97-4d4b-b7ac-e190c497c051,Tuesday,1,08:00:00,08:55:00,IoT Lab,E02,5
47fce85f-998d-405c-99f9-4a597edd14e4,,4ea199b4-9c97-4d4b-b7ac-e190c497c051,Tuesday,2,08:55:00,09:50:00,IoT Lab,E02,5
6376fb02-40d6-4a2a-9dc0-9f83fabcf7c7,,11e0cb10-4a83-40fd-913c-964821094b4c,Tuesday,3,10:10:00,11:05:00,IoT LAB,E02,5
811a71e8-4494-493a-88eb-6b03a975d0a6,,11e0cb10-4a83-40fd-913c-964821094b4c,Tuesday,4,11:05:00,12:00:00,IoT LAB,E02,5
3eb6e8c3-eed3-40d2-bac0-5492f9605c20,,1a7dc879-c159-447b-b31a-9500ce8984fa,Tuesday,5,13:00:00,13:50:00,CR 5,E02,5
e25ca0b3-d1d3-4c83-a636-c5bd36f3f588,,5f224566-4b10-4b07-9346-42d3b60a7e79,Tuesday,6,13:50:00,14:40:00,CR 5,E02,5
03f2d4c5-4cdd-4600-86d9-4ea9f6d94ea5,,1a7dc879-c159-447b-b31a-9500ce8984fa,Tuesday,7,14:55:00,15:45:00,CR 5,E02,5
f9f4bfed-edad-44ea-9a6b-ae0149a3eac2,,5f224566-4b10-4b07-9346-42d3b60a7e79,Wednesday,1,08:00:00,08:55:00,CR 5,E02,5
5049e8e8-bde8-463f-9de5-426cc0d7bd03,,79a9ba9c-f18d-4e6b-a73f-cb36751b9f57,Wednesday,2,08:55:00,09:50:00,CR 5,E02,5
f2ccbea2-d7f5-4a99-99dc-9e49c6752067,,e5a10bad-1ef1-423e-af2b-ac5ed91d55e2,Wednesday,3,10:10:00,11:05:00,CR 5,E02,5
b4571bbd-0639-4f17-acc3-d18992b1b7c8,,59fb7f9f-3517-463f-bf90-2fa9a20a477c,Wednesday,4,11:05:00,12:00:00,CR 5,E02,5
ffcbe3f7-48ae-4808-a256-29732d1037d4,,dc9eb394-88af-497d-9abe-6082ad94c781,Wednesday,5,13:00:00,13:50:00,CR 5,E02,5
fa14e502-6d8c-4e7a-8548-3cffdea6c11b,,a355428e-9cc9-4ee9-a8ff-903dc7810fc7,Wednesday,6,13:50:00,14:40:00,CR 5,E02,5
d43d580f-d4c6-4f61-ba40-d0cd440e913e,,a355428e-9cc9-4ee9-a8ff-903dc7810fc7,Wednesday,7,14:55:00,15:45:00,CR 5,E02,5
dbb41c2b-0836-412d-a721-2464f97109d5,,e5a10bad-1ef1-423e-af2b-ac5ed91d55e2,Thursday,1,08:00:00,08:55:00,CR 5,E02,5
7aa00771-cf49-402a-8355-1e13f825a791,,74d1f9d2-b5f4-425f-8219-bd8a2acc4404,Thursday,2,08:55:00,09:50:00,CR 5,E02,5
7a616156-28a4-4c8a-8bc3-832c29abb968,,79a9ba9c-f18d-4e6b-a73f-cb36751b9f57,Thursday,3,10:10:00,11:05:00,CR 5,E02,5
003f04b3-a783-4626-982f-47b84fbb67a8,d2b75637-ca0f-4886-b38e-622eee3277af,d861e543-b3a0-4391-9182-559b58d46a13,Monday,1,08:00:00,08:55:00,CR 5,,
52a2921d-c498-4b3d-b4c5-d2d25bc0576a,,bcfa643a-f890-4eea-90ca-9ea91f079bc3,Thursday,5,13:00:00,13:50:00,CR 5,E02,5
65c80739-105e-4726-a04d-521738194e00,,bcfa643a-f890-4eea-90ca-9ea91f079bc3,Thursday,6,13:50:00,14:40:00,CR 5,E02,5
364e6aad-fd73-43eb-b0e3-79adb8299b9a,d2b75637-ca0f-4886-b38e-622eee3277af,d861e543-b3a0-4391-9182-559b58d46a13,Monday,2,08:55:00,09:50:00,CR 5,,
daa5010b-6b03-49b2-90a3-fa450671b06f,,79a9ba9c-f18d-4e6b-a73f-cb36751b9f57,Friday,1,08:00:00,08:55:00,CR 5,E02,5
21d66d78-ad90-46d3-9d82-ae5e43ac900a,,79a9ba9c-f18d-4e6b-a73f-cb36751b9f57,Friday,2,08:55:00,09:50:00,CR 5,E02,5
68bae24e-8514-4f97-a71b-23f52c4480c3,,1a7dc879-c159-447b-b31a-9500ce8984fa,Friday,3,10:10:00,11:05:00,CR 5,E02,5
4041be83-f593-4f63-91d8-c4967932e126,,5f224566-4b10-4b07-9346-42d3b60a7e79,Friday,4,11:05:00,12:00:00,CR 5,E02,5
68468853-99ce-49b4-b47e-9e3fabaac72d,,c6a9bbd5-d5f4-4619-a995-70c71c5b1bdb,Friday,5,13:00:00,13:50:00,IoT Lab,E02,5
c208eb68-65b8-4b96-bfa6-ef854612bb67,,c6a9bbd5-d5f4-4619-a995-70c71c5b1bdb,Friday,6,13:50:00,14:40:00,IoT Lab,E02,5
65b997ce-55c5-413c-8dbc-51cbc2a466f4,,e5a10bad-1ef1-423e-af2b-ac5ed91d55e2,Friday,7,14:55:00,15:45:00,CR 5,E02,5
12e2ad87-7279-4ca8-916f-bcbbd7b0e372,,79a9ba9c-f18d-4e6b-a73f-cb36751b9f57,Saturday,1,08:00:00,08:55:00,CR 5,E02,5
303a4fb2-de50-407b-9fc3-7c0b98c38901,,74d1f9d2-b5f4-425f-8219-bd8a2acc4404,Saturday,2,08:55:00,09:50:00,CR 5,E02,5
30a93996-707b-4cf7-a28a-88b69458b885,,5f224566-4b10-4b07-9346-42d3b60a7e79,Saturday,3,10:10:00,11:05:00,CR 5,E02,5
cb1cbec1-e176-4825-81e4-27c2cae7e912,,b7f32899-c477-408e-aab5-bbf99ff7c5c3,Saturday,4,11:05:00,12:00:00,CR 5,E02,5
6a169ad7-5a21-4e29-a7c3-86833525b37a,,1a7dc879-c159-447b-b31a-9500ce8984fa,Saturday,5,13:00:00,13:50:00,CR 5,E02,5
0af3ada7-991b-423f-98d9-2f3f307fc64c,,a355428e-9cc9-4ee9-a8ff-903dc7810fc7,Saturday,6,13:50:00,14:40:00,CR 5,E02,5
b9182cc4-ea21-4bb0-88f5-fa2cea9288ec,,e5a10bad-1ef1-423e-af2b-ac5ed91d55e2,Saturday,7,14:55:00,15:45:00,CR 5,E02,5
9710fa49-be5a-4e87-bf20-18f13c7259de,c5e46aab-8c7f-450c-b381-90a98f7b00ef,9f03fd3d-d2a2-4361-b63f-1ba34d29bbe5,Monday,1,08:00:00,08:55:00,CR 5,,
da65247c-3fee-4573-83c1-faaa54bd0ae7,c5e46aab-8c7f-450c-b381-90a98f7b00ef,9f03fd3d-d2a2-4361-b63f-1ba34d29bbe5,Monday,2,08:55:00,09:50:00,CR 5,,
e6116046-7dcb-4365-b152-61c03926c93b,c5e46aab-8c7f-450c-b381-90a98f7b00ef,fefd21c9-81c2-4538-8249-c7695b552ce3,Monday,3,10:10:00,11:05:00,CR 5,,
11348f78-235d-4900-a109-559cdd6a14f4,c5e46aab-8c7f-450c-b381-90a98f7b00ef,fefd21c9-81c2-4538-8249-c7695b552ce3,Monday,4,11:05:00,12:00:00,CR 5,,
56e88bd5-f2c1-4146-8df3-a9fb6b23b32c,c5e46aab-8c7f-450c-b381-90a98f7b00ef,9b321998-20e3-4d86-bc7d-de395a711a90,Monday,5,13:00:00,13:50:00,CR 5,,
79e46499-d564-40f3-b29d-29abeedd154b,c5e46aab-8c7f-450c-b381-90a98f7b00ef,9b321998-20e3-4d86-bc7d-de395a711a90,Monday,6,13:50:00,14:40:00,CR 5,,
32a409f8-9090-4d6f-bd4c-905476e02d32,c5e46aab-8c7f-450c-b381-90a98f7b00ef,6310ac59-00a6-44db-9498-4eabf33209d6,Monday,7,14:55:00,15:45:00,CR 5,,
f2047d93-7eeb-43d9-804b-a7f75603a47e,c5e46aab-8c7f-450c-b381-90a98f7b00ef,f7cfb66e-d824-4778-bc15-a0a07fd943c6,Tuesday,1,08:00:00,08:55:00,IoT Lab,,
e0597da0-f714-4430-8ef3-ad180ba2ca84,c5e46aab-8c7f-450c-b381-90a98f7b00ef,f7cfb66e-d824-4778-bc15-a0a07fd943c6,Tuesday,2,08:55:00,09:50:00,IoT Lab,,
55403227-8472-4b76-808e-3b54c96967fc,c5e46aab-8c7f-450c-b381-90a98f7b00ef,a2f6016d-ce68-41a4-a1ea-bd688622b2a9,Tuesday,3,10:10:00,11:05:00,IoT LAB,,
b4b5870f-dbe0-480d-bd7d-3ca1c8f934e9,c5e46aab-8c7f-450c-b381-90a98f7b00ef,a2f6016d-ce68-41a4-a1ea-bd688622b2a9,Tuesday,4,11:05:00,12:00:00,IoT LAB,,
6ca69413-fd65-4264-9a1e-3098b39ba595,c5e46aab-8c7f-450c-b381-90a98f7b00ef,e70d2bdc-a87f-45fd-8087-a29eaf17bb2e,Tuesday,5,13:00:00,13:50:00,CR 5,,
91811f77-d11b-42e1-8fdd-e0aeacaa1baa,c5e46aab-8c7f-450c-b381-90a98f7b00ef,1afd624f-393c-4ec9-8e05-c4a7351f81fd,Tuesday,6,13:50:00,14:40:00,CR 5,,
5ccd9b28-3d65-40f7-8fc7-02bca75faf36,c5e46aab-8c7f-450c-b381-90a98f7b00ef,e70d2bdc-a87f-45fd-8087-a29eaf17bb2e,Tuesday,7,14:55:00,15:45:00,CR 5,,
d2cc4975-8824-4be2-85dd-58f7dc566ff2,c5e46aab-8c7f-450c-b381-90a98f7b00ef,1afd624f-393c-4ec9-8e05-c4a7351f81fd,Wednesday,1,08:00:00,08:55:00,CR 5,,
1358c8ed-c20c-43fa-b291-08a92a90d8e2,c5e46aab-8c7f-450c-b381-90a98f7b00ef,900153b8-a8c8-4f82-a440-122afac550e7,Wednesday,2,08:55:00,09:50:00,CR 5,,
469e2e7b-81cd-4abc-a0d0-edc235a50fce,c5e46aab-8c7f-450c-b381-90a98f7b00ef,0c3844bd-b331-45f4-9536-b5d2fcdd37b5,Wednesday,3,10:10:00,11:05:00,CR 5,,
05a4473f-2989-4e20-891f-1f8026dafaf6,c5e46aab-8c7f-450c-b381-90a98f7b00ef,ef40ea71-db16-4940-afbc-73605537fab9,Wednesday,4,11:05:00,12:00:00,CR 5,,
0ce13fc8-e206-4427-a6ef-bb6a9c807d21,c5e46aab-8c7f-450c-b381-90a98f7b00ef,9b321998-20e3-4d86-bc7d-de395a711a90,Wednesday,5,13:00:00,13:50:00,CR 5,,
49a94379-75d4-4f34-b411-93e3bdb0f28f,c5e46aab-8c7f-450c-b381-90a98f7b00ef,4504201a-022c-47bf-b141-3f1b73b5a977,Wednesday,6,13:50:00,14:40:00,CR 5,,
4575ef00-dd31-405e-9fb6-657594de7bd6,c5e46aab-8c7f-450c-b381-90a98f7b00ef,4504201a-022c-47bf-b141-3f1b73b5a977,Wednesday,7,14:55:00,15:45:00,CR 5,,
dbb6f6af-e38b-4912-8fc5-50c29ef25f60,c5e46aab-8c7f-450c-b381-90a98f7b00ef,0c3844bd-b331-45f4-9536-b5d2fcdd37b5,Thursday,1,08:00:00,08:55:00,CR 5,,
c3746e56-bfac-405c-b20a-4f2b9dee0a82,c5e46aab-8c7f-450c-b381-90a98f7b00ef,0b1446c5-78ba-447e-b58f-39e179697d3f,Thursday,2,08:55:00,09:50:00,CR 5,,
d4dcfa26-d1e5-41f7-af25-ee2b6d8062a1,c5e46aab-8c7f-450c-b381-90a98f7b00ef,900153b8-a8c8-4f82-a440-122afac550e7,Thursday,3,10:10:00,11:05:00,CR 5,,
f993028e-952d-4eac-9b47-a1d1136d2df4,c5e46aab-8c7f-450c-b381-90a98f7b00ef,6310ac59-00a6-44db-9498-4eabf33209d6,Thursday,4,11:05:00,12:00:00,CR 5,,
22247083-0d52-4221-886d-9112695b5aed,c5e46aab-8c7f-450c-b381-90a98f7b00ef,9f03fd3d-d2a2-4361-b63f-1ba34d29bbe5,Thursday,5,13:00:00,13:50:00,CR 5,,
6f052b10-5249-4d72-92b6-05e644fdb69a,c5e46aab-8c7f-450c-b381-90a98f7b00ef,9f03fd3d-d2a2-4361-b63f-1ba34d29bbe5,Thursday,6,13:50:00,14:40:00,CR 5,,
bdc99473-4d83-438a-86bf-d87ecbd2237d,c5e46aab-8c7f-450c-b381-90a98f7b00ef,6310ac59-00a6-44db-9498-4eabf33209d6,Thursday,7,14:55:00,15:45:00,CR 5,,
70c1da30-d1a6-477f-963c-6b7340677b0d,c5e46aab-8c7f-450c-b381-90a98f7b00ef,900153b8-a8c8-4f82-a440-122afac550e7,Friday,1,08:00:00,08:55:00,CR 5,,
d08052d8-5dd7-4eb7-a8c3-f106e8ea248a,c5e46aab-8c7f-450c-b381-90a98f7b00ef,900153b8-a8c8-4f82-a440-122afac550e7,Friday,2,08:55:00,09:50:00,CR 5,,
0ac20d2a-6f65-4079-ac45-92f6d6878029,c5e46aab-8c7f-450c-b381-90a98f7b00ef,e70d2bdc-a87f-45fd-8087-a29eaf17bb2e,Friday,3,10:10:00,11:05:00,CR 5,,
cb067edd-1eb9-4fcc-a439-a0f6d204b774,c5e46aab-8c7f-450c-b381-90a98f7b00ef,1afd624f-393c-4ec9-8e05-c4a7351f81fd,Friday,4,11:05:00,12:00:00,CR 5,,
70a16ac2-b496-4830-b435-f18acaa07423,c5e46aab-8c7f-450c-b381-90a98f7b00ef,d6fce91a-c06c-40be-adc0-fbcc9b6f8c65,Friday,5,13:00:00,13:50:00,IoT Lab,,
40d1ad22-0422-40ce-aefe-3f318edd038a,c5e46aab-8c7f-450c-b381-90a98f7b00ef,d6fce91a-c06c-40be-adc0-fbcc9b6f8c65,Friday,6,13:50:00,14:40:00,IoT Lab,,
6a2714a3-3a3f-4f1a-afa8-c93efb08ae21,c5e46aab-8c7f-450c-b381-90a98f7b00ef,0c3844bd-b331-45f4-9536-b5d2fcdd37b5,Friday,7,14:55:00,15:45:00,CR 5,,
86eea969-0aba-4a65-993a-3cc05a1ab9b5,c5e46aab-8c7f-450c-b381-90a98f7b00ef,900153b8-a8c8-4f82-a440-122afac550e7,Saturday,1,08:00:00,08:55:00,CR 5,,
e824ed1e-01d0-4cbd-94c6-e3307774c1d8,c5e46aab-8c7f-450c-b381-90a98f7b00ef,0b1446c5-78ba-447e-b58f-39e179697d3f,Saturday,2,08:55:00,09:50:00,CR 5,,
5815d555-d367-4ce4-8bf4-e3063e75b383,c5e46aab-8c7f-450c-b381-90a98f7b00ef,1afd624f-393c-4ec9-8e05-c4a7351f81fd,Saturday,3,10:10:00,11:05:00,CR 5,,
0770c02e-5228-4227-9af1-97e0c6c55e71,c5e46aab-8c7f-450c-b381-90a98f7b00ef,6310ac59-00a6-44db-9498-4eabf33209d6,Saturday,4,11:05:00,12:00:00,CR 5,,
8b2bbcee-cb99-4548-91c8-736bec0b5831,c5e46aab-8c7f-450c-b381-90a98f7b00ef,e70d2bdc-a87f-45fd-8087-a29eaf17bb2e,Saturday,5,13:00:00,13:50:00,CR 5,,
bb211b56-daf0-4e55-8ebb-f434b1cc503b,c5e46aab-8c7f-450c-b381-90a98f7b00ef,4504201a-022c-47bf-b141-3f1b73b5a977,Saturday,6,13:50:00,14:40:00,CR 5,,
d076f1b2-9769-4f40-b6f9-9c8d7906bb72,c5e46aab-8c7f-450c-b381-90a98f7b00ef,0c3844bd-b331-45f4-9536-b5d2fcdd37b5,Saturday,7,14:55:00,15:45:00,CR 5,,
b3606621-4461-44f9-bb27-7e7718eab3c8,beecbdcf-fce7-44f6-89dd-5639fb1ee63e,6b790bdc-2d2f-429d-a297-211aaa3030a6,Monday,1,08:00:00,08:55:00,CR 5,,
a7b40ee3-7a72-4b40-8a3c-57f8ebecb838,beecbdcf-fce7-44f6-89dd-5639fb1ee63e,6b790bdc-2d2f-429d-a297-211aaa3030a6,Monday,2,08:55:00,09:50:00,CR 5,,
27dbf7be-25ef-491a-8ba8-e0d2f9c0de54,beecbdcf-fce7-44f6-89dd-5639fb1ee63e,30d3d8dc-27ec-4b58-89e6-3fc99e619af6,Monday,3,10:10:00,11:05:00,CR 5,,
3fba3977-62bd-40de-aa96-af9175fe3d15,beecbdcf-fce7-44f6-89dd-5639fb1ee63e,30d3d8dc-27ec-4b58-89e6-3fc99e619af6,Monday,4,11:05:00,12:00:00,CR 5,,
e0c0f7a9-4402-41bf-9233-f18a7eec99d9,beecbdcf-fce7-44f6-89dd-5639fb1ee63e,994bee8c-b2fe-4ba8-8f47-97cad914a8ea,Monday,5,13:00:00,13:50:00,CR 5,,
2ff4b9b8-2c50-47b1-9199-0fbd86b25c5f,beecbdcf-fce7-44f6-89dd-5639fb1ee63e,994bee8c-b2fe-4ba8-8f47-97cad914a8ea,Monday,6,13:50:00,14:40:00,CR 5,,
4f6f8527-f88d-4311-a580-7830e3b55ce6,beecbdcf-fce7-44f6-89dd-5639fb1ee63e,7c5f606a-0552-4dc3-9c70-d9200935359b,Monday,7,14:55:00,15:45:00,CR 5,,
02b2ea30-4914-456e-925f-4344a521194f,beecbdcf-fce7-44f6-89dd-5639fb1ee63e,dc218014-4942-4bbc-8326-db68dc458c0c,Tuesday,1,08:00:00,08:55:00,IoT Lab,,
a051a0a2-e74d-47eb-98cd-7ee201e65886,beecbdcf-fce7-44f6-89dd-5639fb1ee63e,dc218014-4942-4bbc-8326-db68dc458c0c,Tuesday,2,08:55:00,09:50:00,IoT Lab,,
7e881344-157a-4b8a-8b3c-e78f9e0072ac,beecbdcf-fce7-44f6-89dd-5639fb1ee63e,50f94abe-b865-4c83-8daa-fdb0252baa94,Tuesday,3,10:10:00,11:05:00,IoT LAB,,
d18e3334-aae1-459f-b289-f6227121bdc7,beecbdcf-fce7-44f6-89dd-5639fb1ee63e,50f94abe-b865-4c83-8daa-fdb0252baa94,Tuesday,4,11:05:00,12:00:00,IoT LAB,,
85a40a6e-bff8-462e-8361-d4e7de7e7238,beecbdcf-fce7-44f6-89dd-5639fb1ee63e,27cf3c3c-85f2-43a2-bcc9-7f6fdb10c7fe,Tuesday,5,13:00:00,13:50:00,CR 5,,
e4351b26-346b-44c5-8815-802142b9d4ec,beecbdcf-fce7-44f6-89dd-5639fb1ee63e,279d6256-1501-4c06-a558-b747144cf008,Tuesday,6,13:50:00,14:40:00,CR 5,,
3aea1020-86a9-4a0a-998a-c19ea5b92be2,beecbdcf-fce7-44f6-89dd-5639fb1ee63e,27cf3c3c-85f2-43a2-bcc9-7f6fdb10c7fe,Tuesday,7,14:55:00,15:45:00,CR 5,,
e71ab151-d293-4f60-a09a-25d57c3d531e,beecbdcf-fce7-44f6-89dd-5639fb1ee63e,279d6256-1501-4c06-a558-b747144cf008,Wednesday,1,08:00:00,08:55:00,CR 5,,
f3f260f7-6f9d-4021-9e4a-d7fd656d9a98,beecbdcf-fce7-44f6-89dd-5639fb1ee63e,a88aecf3-eaf0-419b-91c3-cdf5455d5c17,Wednesday,2,08:55:00,09:50:00,CR 5,,
b1bb8f41-1a7f-4442-9f3d-8bceb88b8844,beecbdcf-fce7-44f6-89dd-5639fb1ee63e,414407ce-d2c2-4de5-be18-21c2f47cd814,Wednesday,3,10:10:00,11:05:00,CR 5,,
7e6aacf4-3135-4bdf-8e64-82b9b2f58402,beecbdcf-fce7-44f6-89dd-5639fb1ee63e,74bc5998-c4e5-4467-a891-f220c6dcab16,Wednesday,4,11:05:00,12:00:00,CR 5,,
97fa114e-6a01-4c1e-b5c5-c742ec37eea5,beecbdcf-fce7-44f6-89dd-5639fb1ee63e,994bee8c-b2fe-4ba8-8f47-97cad914a8ea,Wednesday,5,13:00:00,13:50:00,CR 5,,
b6b20ad7-246d-40a8-81e6-336f09114ed3,beecbdcf-fce7-44f6-89dd-5639fb1ee63e,6b29430e-db63-486a-a662-342e68f1d15e,Wednesday,6,13:50:00,14:40:00,CR 5,,
614e8fa3-3293-4fb7-bc1c-62e3fe73d2d9,beecbdcf-fce7-44f6-89dd-5639fb1ee63e,6b29430e-db63-486a-a662-342e68f1d15e,Wednesday,7,14:55:00,15:45:00,CR 5,,
c4b9b3a4-f383-4cfd-947e-b98cd0a9ad79,beecbdcf-fce7-44f6-89dd-5639fb1ee63e,414407ce-d2c2-4de5-be18-21c2f47cd814,Thursday,1,08:00:00,08:55:00,CR 5,,
c62a17eb-3a3c-478a-b4b8-0b5262c6d063,beecbdcf-fce7-44f6-89dd-5639fb1ee63e,6c00d92e-ab39-4977-bb52-a976e21ff6b9,Thursday,2,08:55:00,09:50:00,CR 5,,
fe4563cd-babc-4862-b0c1-d152149b8397,beecbdcf-fce7-44f6-89dd-5639fb1ee63e,a88aecf3-eaf0-419b-91c3-cdf5455d5c17,Thursday,3,10:10:00,11:05:00,CR 5,,
fe011655-4af6-43ad-84bf-292ab50b33ec,beecbdcf-fce7-44f6-89dd-5639fb1ee63e,7c5f606a-0552-4dc3-9c70-d9200935359b,Thursday,4,11:05:00,12:00:00,CR 5,,
71337fbd-6875-426a-bfc1-3570030594fa,beecbdcf-fce7-44f6-89dd-5639fb1ee63e,6b790bdc-2d2f-429d-a297-211aaa3030a6,Thursday,5,13:00:00,13:50:00,CR 5,,
e50ecb43-8bfe-44e0-819c-7f14c63b316b,beecbdcf-fce7-44f6-89dd-5639fb1ee63e,6b790bdc-2d2f-429d-a297-211aaa3030a6,Thursday,6,13:50:00,14:40:00,CR 5,,
3462ffd8-9a1c-44a3-8e69-ad3ed3396aa8,beecbdcf-fce7-44f6-89dd-5639fb1ee63e,7c5f606a-0552-4dc3-9c70-d9200935359b,Thursday,7,14:55:00,15:45:00,CR 5,,
b56f3052-ea2b-4e53-a40d-9b35339878c1,beecbdcf-fce7-44f6-89dd-5639fb1ee63e,a88aecf3-eaf0-419b-91c3-cdf5455d5c17,Friday,1,08:00:00,08:55:00,CR 5,,
88e47465-e290-42c7-a5d3-e2082e88d2b5,beecbdcf-fce7-44f6-89dd-5639fb1ee63e,a88aecf3-eaf0-419b-91c3-cdf5455d5c17,Friday,2,08:55:00,09:50:00,CR 5,,
99d958c6-8f73-44f2-8417-881dc1df8e87,beecbdcf-fce7-44f6-89dd-5639fb1ee63e,27cf3c3c-85f2-43a2-bcc9-7f6fdb10c7fe,Friday,3,10:10:00,11:05:00,CR 5,,
2c86709b-42aa-4a3d-86f7-6301c2968085,beecbdcf-fce7-44f6-89dd-5639fb1ee63e,279d6256-1501-4c06-a558-b747144cf008,Friday,4,11:05:00,12:00:00,CR 5,,
2fdd87d9-8800-4717-ab48-d8515d96dcf1,beecbdcf-fce7-44f6-89dd-5639fb1ee63e,926fe88f-22c3-4ff0-8691-3b862e44ed50,Friday,5,13:00:00,13:50:00,IoT Lab,,
adb49b83-bb2a-4a21-9a55-e89a7eceec37,beecbdcf-fce7-44f6-89dd-5639fb1ee63e,926fe88f-22c3-4ff0-8691-3b862e44ed50,Friday,6,13:50:00,14:40:00,IoT Lab,,
ae3b9da0-3d35-4b0c-8167-2ced139542af,beecbdcf-fce7-44f6-89dd-5639fb1ee63e,414407ce-d2c2-4de5-be18-21c2f47cd814,Friday,7,14:55:00,15:45:00,CR 5,,
e98d2257-ce1b-4251-9349-f7f85d263358,beecbdcf-fce7-44f6-89dd-5639fb1ee63e,a88aecf3-eaf0-419b-91c3-cdf5455d5c17,Saturday,1,08:00:00,08:55:00,CR 5,,
30d3ed89-ce17-485f-bc8e-03b2774c6841,beecbdcf-fce7-44f6-89dd-5639fb1ee63e,6c00d92e-ab39-4977-bb52-a976e21ff6b9,Saturday,2,08:55:00,09:50:00,CR 5,,
45539447-fb88-4509-98c7-438ce258982d,beecbdcf-fce7-44f6-89dd-5639fb1ee63e,279d6256-1501-4c06-a558-b747144cf008,Saturday,3,10:10:00,11:05:00,CR 5,,
038eb05e-0f91-43af-8d0e-cfe2215254e2,beecbdcf-fce7-44f6-89dd-5639fb1ee63e,7c5f606a-0552-4dc3-9c70-d9200935359b,Saturday,4,11:05:00,12:00:00,CR 5,,
299108c1-3667-4e36-bbe2-b1634c7da289,beecbdcf-fce7-44f6-89dd-5639fb1ee63e,27cf3c3c-85f2-43a2-bcc9-7f6fdb10c7fe,Saturday,5,13:00:00,13:50:00,CR 5,,
edaf696f-1b18-4226-b9c5-793802e0bf7f,beecbdcf-fce7-44f6-89dd-5639fb1ee63e,6b29430e-db63-486a-a662-342e68f1d15e,Saturday,6,13:50:00,14:40:00,CR 5,,
373139d5-cd8c-4919-a54b-e6e53cf7ebd6,beecbdcf-fce7-44f6-89dd-5639fb1ee63e,414407ce-d2c2-4de5-be18-21c2f47cd814,Saturday,7,14:55:00,15:45:00,CR 5,,
23f43eff-f84d-44c2-ac9a-7f8d4f858fd6,d2b75637-ca0f-4886-b38e-622eee3277af,a4f6a304-faf5-41ac-9353-f4139e963509,Monday,3,10:10:00,11:05:00,CR 5,,
358ec1bb-7c46-40a7-bb14-551006696297,d2b75637-ca0f-4886-b38e-622eee3277af,a4f6a304-faf5-41ac-9353-f4139e963509,Monday,4,11:05:00,12:00:00,CR 5,,
bb9cbf53-7333-41a6-9f05-f09990ab1944,d2b75637-ca0f-4886-b38e-622eee3277af,2bb9719f-cce2-49d1-b740-937f13b5a759,Monday,5,13:00:00,13:50:00,CR 5,,
de7ae0b0-0683-4bc5-9430-eccf5ee8c610,d2b75637-ca0f-4886-b38e-622eee3277af,2bb9719f-cce2-49d1-b740-937f13b5a759,Monday,6,13:50:00,14:40:00,CR 5,,
a9ddb1ff-db90-4334-bd07-cea2b10d3fb3,d2b75637-ca0f-4886-b38e-622eee3277af,1fa0b4de-2eff-4eaf-babe-f07f1a754523,Monday,7,14:55:00,15:45:00,CR 5,,
59233712-72d0-4f13-814e-01a1aa4ee783,d2b75637-ca0f-4886-b38e-622eee3277af,2bbe145b-2d04-40b5-86ac-5d6036365c25,Tuesday,1,08:00:00,08:55:00,IoT Lab,,
f7171724-13f7-4aac-825b-b147cfe16539,d2b75637-ca0f-4886-b38e-622eee3277af,2bbe145b-2d04-40b5-86ac-5d6036365c25,Tuesday,2,08:55:00,09:50:00,IoT Lab,,
49ecc75d-6626-45af-a91b-bd881dee8fde,d2b75637-ca0f-4886-b38e-622eee3277af,39bf49ec-a8ba-403a-a5b3-b53783ae3fdf,Tuesday,3,10:10:00,11:05:00,IoT LAB,,
03dd0642-4593-4006-9129-891fee6c431e,d2b75637-ca0f-4886-b38e-622eee3277af,39bf49ec-a8ba-403a-a5b3-b53783ae3fdf,Tuesday,4,11:05:00,12:00:00,IoT LAB,,
975eae48-faf8-4d56-a85e-540d465b2948,d2b75637-ca0f-4886-b38e-622eee3277af,a7c07e9c-8457-4eb5-bf4a-0ebef303c151,Tuesday,5,13:00:00,13:50:00,CR 5,,
a5ed67a1-726b-4779-a0b0-a39419b7232b,d2b75637-ca0f-4886-b38e-622eee3277af,8073baed-1c3e-4821-8817-b3a6c24dd27a,Tuesday,6,13:50:00,14:40:00,CR 5,,
edb0d4ee-37b8-495d-9484-ce1bbad9864f,d2b75637-ca0f-4886-b38e-622eee3277af,a7c07e9c-8457-4eb5-bf4a-0ebef303c151,Tuesday,7,14:55:00,15:45:00,CR 5,,
f57f3b23-3007-4704-a5de-ce3fe5cea0e9,d2b75637-ca0f-4886-b38e-622eee3277af,8073baed-1c3e-4821-8817-b3a6c24dd27a,Wednesday,1,08:00:00,08:55:00,CR 5,,
abba4de9-5607-4f43-bb67-551e46ce991a,d2b75637-ca0f-4886-b38e-622eee3277af,1cd3baf4-15ab-41bc-86de-51cc6ef4c50b,Wednesday,2,08:55:00,09:50:00,CR 5,,
fd1b5d13-f93d-4174-a2be-25c95391f252,d2b75637-ca0f-4886-b38e-622eee3277af,1cd13ef9-b5ff-481e-870d-40b6ba720f25,Wednesday,3,10:10:00,11:05:00,CR 5,,
e7f3986b-f6bf-4027-b52e-a12ccd3304b7,d2b75637-ca0f-4886-b38e-622eee3277af,6c4d096d-83cd-48af-b81d-275d8fcd0317,Wednesday,4,11:05:00,12:00:00,CR 5,,
65125291-555b-4ac8-80bb-00612a545e1c,d2b75637-ca0f-4886-b38e-622eee3277af,2bb9719f-cce2-49d1-b740-937f13b5a759,Wednesday,5,13:00:00,13:50:00,CR 5,,
76aadd79-eea5-4708-b8d9-c139de9e7356,d2b75637-ca0f-4886-b38e-622eee3277af,1537387e-4a54-4bfa-8f58-d04d1c773082,Wednesday,6,13:50:00,14:40:00,CR 5,,
0b07c84d-9295-4cde-8af6-c023b01870a1,d2b75637-ca0f-4886-b38e-622eee3277af,1537387e-4a54-4bfa-8f58-d04d1c773082,Wednesday,7,14:55:00,15:45:00,CR 5,,
a25f3c91-198c-442e-bf72-e40d054c4c87,d2b75637-ca0f-4886-b38e-622eee3277af,1cd13ef9-b5ff-481e-870d-40b6ba720f25,Thursday,1,08:00:00,08:55:00,CR 5,,
c662497e-4b67-4e22-ace5-e4dda201c4e3,d2b75637-ca0f-4886-b38e-622eee3277af,900e218d-baea-4684-9d08-29c8a183b763,Thursday,2,08:55:00,09:50:00,CR 5,,
d979929e-6e33-4655-9098-edab601e5d5e,d2b75637-ca0f-4886-b38e-622eee3277af,1cd3baf4-15ab-41bc-86de-51cc6ef4c50b,Thursday,3,10:10:00,11:05:00,CR 5,,
e904f5c3-fadb-4398-a41b-6ee99865aeeb,d2b75637-ca0f-4886-b38e-622eee3277af,d861e543-b3a0-4391-9182-559b58d46a13,Thursday,5,13:00:00,13:50:00,CR 5,,
468867c1-bccd-44fd-bfad-ab05df0eb013,d2b75637-ca0f-4886-b38e-622eee3277af,d861e543-b3a0-4391-9182-559b58d46a13,Thursday,6,13:50:00,14:40:00,CR 5,,
2becc730-f924-44ac-b4fb-5aafdba6b83d,d2b75637-ca0f-4886-b38e-622eee3277af,1cd3baf4-15ab-41bc-86de-51cc6ef4c50b,Friday,1,08:00:00,08:55:00,CR 5,,
36fa7fdf-2dce-479d-b6c1-9189bd57d91f,d2b75637-ca0f-4886-b38e-622eee3277af,1cd3baf4-15ab-41bc-86de-51cc6ef4c50b,Friday,2,08:55:00,09:50:00,CR 5,,
3f80dd5a-b8e1-4e19-812d-3b45845df122,d2b75637-ca0f-4886-b38e-622eee3277af,a7c07e9c-8457-4eb5-bf4a-0ebef303c151,Friday,3,10:10:00,11:05:00,CR 5,,
c55e7e4c-f75f-43de-b3cd-f59c9890e5d1,d2b75637-ca0f-4886-b38e-622eee3277af,8073baed-1c3e-4821-8817-b3a6c24dd27a,Friday,4,11:05:00,12:00:00,CR 5,,
59be4d4b-df8f-4ec3-b369-fc01af9a518e,d2b75637-ca0f-4886-b38e-622eee3277af,6bbd2953-084e-483b-9fbb-81e4ebb4e6c1,Friday,5,13:00:00,13:50:00,IoT Lab,,
03c6bb96-08dc-4f59-9987-aa836a2fe5d3,d2b75637-ca0f-4886-b38e-622eee3277af,6bbd2953-084e-483b-9fbb-81e4ebb4e6c1,Friday,6,13:50:00,14:40:00,IoT Lab,,
5e421998-1928-4896-bc5c-7ef7a608abc3,d2b75637-ca0f-4886-b38e-622eee3277af,1cd13ef9-b5ff-481e-870d-40b6ba720f25,Friday,7,14:55:00,15:45:00,CR 5,,
f349d851-1600-4512-87b3-87bf81dc3dda,d2b75637-ca0f-4886-b38e-622eee3277af,1cd3baf4-15ab-41bc-86de-51cc6ef4c50b,Saturday,1,08:00:00,08:55:00,CR 5,,
4095cb9e-b684-4301-a996-c4f004e1d087,d2b75637-ca0f-4886-b38e-622eee3277af,900e218d-baea-4684-9d08-29c8a183b763,Saturday,2,08:55:00,09:50:00,CR 5,,
044d9104-0064-475f-a104-b3ee8d131412,d2b75637-ca0f-4886-b38e-622eee3277af,8073baed-1c3e-4821-8817-b3a6c24dd27a,Saturday,3,10:10:00,11:05:00,CR 5,,
35dfe332-8d13-43ad-bcb6-197d8244417a,d2b75637-ca0f-4886-b38e-622eee3277af,1fa0b4de-2eff-4eaf-babe-f07f1a754523,Saturday,4,11:05:00,12:00:00,CR 5,,
9aade13f-96c2-4e12-9657-9904d1dd944b,d2b75637-ca0f-4886-b38e-622eee3277af,a7c07e9c-8457-4eb5-bf4a-0ebef303c151,Saturday,5,13:00:00,13:50:00,CR 5,,
fb1c5750-80f8-41a8-a1f5-86084a1f737a,d2b75637-ca0f-4886-b38e-622eee3277af,1537387e-4a54-4bfa-8f58-d04d1c773082,Saturday,6,13:50:00,14:40:00,CR 5,,
02010ba9-02bf-4657-a67a-b1fa5a47a753,d2b75637-ca0f-4886-b38e-622eee3277af,1cd13ef9-b5ff-481e-870d-40b6ba720f25,Saturday,7,14:55:00,15:45:00,CR 5,,
6a9d1589-ebdc-48d3-80f2-1a70c47b0a36,d2b75637-ca0f-4886-b38e-622eee3277af,1fa0b4de-2eff-4eaf-babe-f07f1a754523,Thursday,4,11:05:00,12:00:00,CR 5,,
3c0fab4c-d82d-42cf-8529-90e58a9fdace,d2b75637-ca0f-4886-b38e-622eee3277af,1fa0b4de-2eff-4eaf-babe-f07f1a754523,Thursday,7,14:55:00,15:45:00,CR 5,,
37e77e2b-e253-4721-931b-d23fc41e3aef,a46113b2-b8bb-4498-9d23-89c29d559d00,58b37013-6bac-438b-a0be-376071de191b,Friday,1,08:00:00,08:55:00,CR 5,,
110327d6-cf32-4d50-a916-b0f8c14abd98,a46113b2-b8bb-4498-9d23-89c29d559d00,58b37013-6bac-438b-a0be-376071de191b,Friday,2,08:55:00,09:50:00,CR 5,,
d5c85386-48d9-4a48-8b81-b22562a4fd18,a46113b2-b8bb-4498-9d23-89c29d559d00,7f4a7e05-db7d-4929-9568-dd56e4bf7375,Friday,3,10:10:00,11:05:00,CR 5,,
cf2a336c-50aa-4fbc-b28b-50a8add8126d,a46113b2-b8bb-4498-9d23-89c29d559d00,b0b6e8eb-ea89-4a83-9aca-ec9469cc64a9,Friday,4,11:05:00,12:00:00,CR 5,,
4e5da629-cfb6-4bf4-8580-ccece73c2600,a46113b2-b8bb-4498-9d23-89c29d559d00,57d33bf5-4eb1-4b37-8dd9-78f740522f62,Friday,5,13:00:00,13:50:00,IoT Lab,,
6ee08774-6f12-4403-ac9c-782614b18c70,a46113b2-b8bb-4498-9d23-89c29d559d00,57d33bf5-4eb1-4b37-8dd9-78f740522f62,Friday,6,13:50:00,14:40:00,IoT Lab,,
9b4a7524-0f78-4b66-bf74-1845e0179ac2,a46113b2-b8bb-4498-9d23-89c29d559d00,65d90220-c7d9-4c0f-a544-5ab7daea523a,Friday,7,14:55:00,15:45:00,CR 5,,
a0c6c1b6-1e4b-40ca-a139-22a70daf7a09,a46113b2-b8bb-4498-9d23-89c29d559d00,58b37013-6bac-438b-a0be-376071de191b,Saturday,1,08:00:00,08:55:00,CR 5,,
c8ef0634-6e15-4168-92cd-566a7b94f847,a46113b2-b8bb-4498-9d23-89c29d559d00,4f2f9702-6265-4603-966f-b9b53fd94621,Saturday,2,08:55:00,09:50:00,CR 5,,
af145178-6fb0-4598-b7dd-cc87fea67c14,a46113b2-b8bb-4498-9d23-89c29d559d00,b0b6e8eb-ea89-4a83-9aca-ec9469cc64a9,Saturday,3,10:10:00,11:05:00,CR 5,,
3e4a95a4-905c-497b-9e1b-eb56428ec973,a46113b2-b8bb-4498-9d23-89c29d559d00,5b471020-4d34-4294-8441-c5d82df4daa2,Saturday,4,11:05:00,12:00:00,CR 5,,
e69f6fbb-6c99-4d47-aff1-44b73f9b2d6c,a46113b2-b8bb-4498-9d23-89c29d559d00,7f4a7e05-db7d-4929-9568-dd56e4bf7375,Saturday,5,13:00:00,13:50:00,CR 5,,
06a147c9-dad2-4d01-afea-48188a22387b,a46113b2-b8bb-4498-9d23-89c29d559d00,4e1e87b4-7101-4a5d-8c15-61caddc35ffb,Saturday,6,13:50:00,14:40:00,CR 5,,
5ff90fa2-0f1e-4936-9ac9-23c53f3c1d71,a46113b2-b8bb-4498-9d23-89c29d559d00,65d90220-c7d9-4c0f-a544-5ab7daea523a,Saturday,7,14:55:00,15:45:00,CR 5,,
a76d3591-e624-4a99-b447-6f645e180b15,a46113b2-b8bb-4498-9d23-89c29d559d00,5b471020-4d34-4294-8441-c5d82df4daa2,Thursday,4,11:05:00,12:00:00,CR 5,,
1ba5b9c4-2caf-412c-ac32-2b41aebaec2b,a46113b2-b8bb-4498-9d23-89c29d559d00,5b471020-4d34-4294-8441-c5d82df4daa2,Thursday,7,14:55:00,15:45:00,CR 5,,
e30ed293-e2b7-462e-b57c-9a5d23bb8fdc,,b7f32899-c477-408e-aab5-bbf99ff7c5c3,Thursday,4,11:05:00,12:00:00,CR 5,E02,5
518876dc-b86b-4d5a-ae95-0db1448ee704,,b7f32899-c477-408e-aab5-bbf99ff7c5c3,Thursday,7,14:55:00,15:45:00,CR 5,E02,5
df9ce685-7d9d-4707-8911-22dcd2f46917,a46113b2-b8bb-4498-9d23-89c29d559d00,fe5f9e58-1088-45a9-bfdf-fc8039119934,Monday,1,08:00:00,08:55:00,CR 5,,
902774c0-fc75-485d-825d-efe045fc612c,a46113b2-b8bb-4498-9d23-89c29d559d00,fe5f9e58-1088-45a9-bfdf-fc8039119934,Monday,2,08:55:00,09:50:00,CR 5,,
c248df6b-897e-4fbb-96ee-469cc2885577,a46113b2-b8bb-4498-9d23-89c29d559d00,9ea89559-deec-42ca-97d8-3ad11e3a3922,Monday,3,10:10:00,11:05:00,CR 5,,
1c050941-42b2-4d83-bf0e-3ee5f3f573d3,a46113b2-b8bb-4498-9d23-89c29d559d00,9ea89559-deec-42ca-97d8-3ad11e3a3922,Monday,4,11:05:00,12:00:00,CR 5,,
0b249e8c-ba21-4391-b500-4f17c3458962,a46113b2-b8bb-4498-9d23-89c29d559d00,de84e7fc-0656-4ba0-83a0-7a2c52fa3007,Monday,5,13:00:00,13:50:00,CR 5,,
bd471a7a-5a17-424f-978a-87ec95c8b920,a46113b2-b8bb-4498-9d23-89c29d559d00,de84e7fc-0656-4ba0-83a0-7a2c52fa3007,Monday,6,13:50:00,14:40:00,CR 5,,
682d2dca-a911-434f-b1cd-f5702ef31fd8,a46113b2-b8bb-4498-9d23-89c29d559d00,5b471020-4d34-4294-8441-c5d82df4daa2,Monday,7,14:55:00,15:45:00,CR 5,,
18469fc6-c029-48e6-825a-3a1537cbdc1a,a46113b2-b8bb-4498-9d23-89c29d559d00,0aa37113-c1d1-439b-aa29-2ee8e16c4de4,Tuesday,1,08:00:00,08:55:00,IoT Lab,,
34ff027e-36ea-474a-b9c2-7f161203cfde,a46113b2-b8bb-4498-9d23-89c29d559d00,0aa37113-c1d1-439b-aa29-2ee8e16c4de4,Tuesday,2,08:55:00,09:50:00,IoT Lab,,
1062e024-4e94-48ca-845b-fca8e9b8389c,a46113b2-b8bb-4498-9d23-89c29d559d00,c606ee72-6070-4686-96e4-3683a68a5df8,Tuesday,3,10:10:00,11:05:00,IoT LAB,,
f0ff8a6d-8ec3-4e31-ba7f-fdfcd63c34df,18d61081-d3de-4ace-9910-bd077d9211c9,12667c3e-ec9b-4d6e-81ff-4202d716d05a,Monday,1,08:00:00,08:55:00,CR 5,,
583b5e2e-0b19-4e30-84d8-b02055f21514,18d61081-d3de-4ace-9910-bd077d9211c9,12667c3e-ec9b-4d6e-81ff-4202d716d05a,Monday,2,08:55:00,09:50:00,CR 5,,
33aee1e1-13a5-482a-8e97-daaffb779ca2,18d61081-d3de-4ace-9910-bd077d9211c9,6354d14c-9e87-4671-bf17-43e6f2a24c15,Monday,3,10:10:00,11:05:00,CR 5,,
9eef8a58-40df-4043-9dab-55c135bdd0c2,18d61081-d3de-4ace-9910-bd077d9211c9,6354d14c-9e87-4671-bf17-43e6f2a24c15,Monday,4,11:05:00,12:00:00,CR 5,,
6180e77f-4cfc-4e64-8128-ba5a013fc393,18d61081-d3de-4ace-9910-bd077d9211c9,f8ce88a1-ae33-4103-9021-d8e13881017a,Monday,5,13:00:00,13:50:00,CR 5,,
f18b8c19-9fe2-466f-addb-c813565915c0,18d61081-d3de-4ace-9910-bd077d9211c9,f8ce88a1-ae33-4103-9021-d8e13881017a,Monday,6,13:50:00,14:40:00,CR 5,,
96aa5fbc-f326-43f0-97d5-dc94ca726939,18d61081-d3de-4ace-9910-bd077d9211c9,f5d2b172-ee7d-4e3b-86b6-2d83e8ab38c4,Monday,7,14:55:00,15:45:00,CR 5,,
a65552e6-00ce-419e-9427-d550f36a3082,18d61081-d3de-4ace-9910-bd077d9211c9,fe90a0d1-d32b-4f06-a4d8-8f80b4b43857,Tuesday,1,08:00:00,08:55:00,IoT Lab,,
e78ac798-639d-49b4-a039-a0c8a0a55230,18d61081-d3de-4ace-9910-bd077d9211c9,fe90a0d1-d32b-4f06-a4d8-8f80b4b43857,Tuesday,2,08:55:00,09:50:00,IoT Lab,,
8a37e4ec-cf22-4383-9875-83f49751d063,18d61081-d3de-4ace-9910-bd077d9211c9,4a7f4069-8025-4e9c-9432-30e0c20e536a,Tuesday,3,10:10:00,11:05:00,IoT LAB,,
51b11553-de7a-45a9-a375-44adb3430359,18d61081-d3de-4ace-9910-bd077d9211c9,4a7f4069-8025-4e9c-9432-30e0c20e536a,Tuesday,4,11:05:00,12:00:00,IoT LAB,,
bb5e4b57-b624-4988-b7b2-5c1bd3165717,18d61081-d3de-4ace-9910-bd077d9211c9,f0af6a32-0afb-452c-a432-923bbfea1490,Tuesday,5,13:00:00,13:50:00,CR 5,,
f2bcaef3-ff38-43d2-be9d-ac476a1a5202,18d61081-d3de-4ace-9910-bd077d9211c9,ffedf79b-595d-4b06-9ed0-b8243d029dd1,Tuesday,6,13:50:00,14:40:00,CR 5,,
f600007a-9d36-4cb9-9c11-9488a32a0139,18d61081-d3de-4ace-9910-bd077d9211c9,f0af6a32-0afb-452c-a432-923bbfea1490,Tuesday,7,14:55:00,15:45:00,CR 5,,
f29eade8-dba7-4d9a-869c-898d22bd2fb6,18d61081-d3de-4ace-9910-bd077d9211c9,ffedf79b-595d-4b06-9ed0-b8243d029dd1,Wednesday,1,08:00:00,08:55:00,CR 5,,
c31a224f-f0b8-4787-b7cb-e56c06ee0c10,18d61081-d3de-4ace-9910-bd077d9211c9,42ec6cb2-af34-49cc-8480-f7b9ae014150,Wednesday,2,08:55:00,09:50:00,CR 5,,
23b2b1b5-b78f-47f6-922b-c104f9bdb9af,18d61081-d3de-4ace-9910-bd077d9211c9,2fd64f51-4c28-455a-a24f-ee801660d98f,Wednesday,3,10:10:00,11:05:00,CR 5,,
59cdb8c9-2584-43cd-8bc5-8bb2bcf408bb,18d61081-d3de-4ace-9910-bd077d9211c9,01905e7c-b9c8-46fc-9e4a-12c4377073d8,Wednesday,4,11:05:00,12:00:00,CR 5,,
803c8d0f-218a-47a4-82ab-e8ef29e5b5b4,18d61081-d3de-4ace-9910-bd077d9211c9,f8ce88a1-ae33-4103-9021-d8e13881017a,Wednesday,5,13:00:00,13:50:00,CR 5,,
1850be42-8853-4009-bfa5-d1599a820aeb,18d61081-d3de-4ace-9910-bd077d9211c9,f6ebba85-ddbc-4318-978a-2045270243d6,Wednesday,6,13:50:00,14:40:00,CR 5,,
5d26fa0a-27bc-4b5e-8efb-f5bc7607db6b,18d61081-d3de-4ace-9910-bd077d9211c9,f6ebba85-ddbc-4318-978a-2045270243d6,Wednesday,7,14:55:00,15:45:00,CR 5,,
1c7db0d6-52ca-40d3-aa89-190bfec52288,18d61081-d3de-4ace-9910-bd077d9211c9,2fd64f51-4c28-455a-a24f-ee801660d98f,Thursday,1,08:00:00,08:55:00,CR 5,,
4a0017c8-c3dd-4fc0-be53-42ea29ccf802,18d61081-d3de-4ace-9910-bd077d9211c9,3562fdc9-fcce-487f-85e0-f768151f8241,Thursday,2,08:55:00,09:50:00,CR 5,,
886d6589-fcda-4d3e-9609-5d902b28ba5f,18d61081-d3de-4ace-9910-bd077d9211c9,42ec6cb2-af34-49cc-8480-f7b9ae014150,Thursday,3,10:10:00,11:05:00,CR 5,,
76ad1064-fcb7-47fe-83cd-38f3f43da2ba,18d61081-d3de-4ace-9910-bd077d9211c9,f5d2b172-ee7d-4e3b-86b6-2d83e8ab38c4,Thursday,4,11:05:00,12:00:00,CR 5,,
1efdec03-6653-40cb-8d3f-7cbd8a7763d2,18d61081-d3de-4ace-9910-bd077d9211c9,12667c3e-ec9b-4d6e-81ff-4202d716d05a,Thursday,5,13:00:00,13:50:00,CR 5,,
d430b561-8de6-4be9-bdf4-a6a604f0d83e,18d61081-d3de-4ace-9910-bd077d9211c9,12667c3e-ec9b-4d6e-81ff-4202d716d05a,Thursday,6,13:50:00,14:40:00,CR 5,,
01ececa8-cde3-4486-a00b-64ab36410b24,18d61081-d3de-4ace-9910-bd077d9211c9,f5d2b172-ee7d-4e3b-86b6-2d83e8ab38c4,Thursday,7,14:55:00,15:45:00,CR 5,,
3e81a89b-11fa-40a2-b4bf-74bb65cc4944,18d61081-d3de-4ace-9910-bd077d9211c9,42ec6cb2-af34-49cc-8480-f7b9ae014150,Friday,1,08:00:00,08:55:00,CR 5,,
717c86a6-45b7-4519-872f-99e742c58477,18d61081-d3de-4ace-9910-bd077d9211c9,42ec6cb2-af34-49cc-8480-f7b9ae014150,Friday,2,08:55:00,09:50:00,CR 5,,
29e46de8-2581-4f69-89ac-c2d31eb8c227,18d61081-d3de-4ace-9910-bd077d9211c9,f0af6a32-0afb-452c-a432-923bbfea1490,Friday,3,10:10:00,11:05:00,CR 5,,
38dc215d-9903-4395-b37a-bb0bebaf3866,18d61081-d3de-4ace-9910-bd077d9211c9,ffedf79b-595d-4b06-9ed0-b8243d029dd1,Friday,4,11:05:00,12:00:00,CR 5,,
aae2328e-b97a-4304-bf48-5e35b36e841b,18d61081-d3de-4ace-9910-bd077d9211c9,aebf1251-1db1-4ccd-b2ca-e21531ffe33c,Friday,5,13:00:00,13:50:00,IoT Lab,,
20491c66-2162-4ba9-8b27-925a02038c13,18d61081-d3de-4ace-9910-bd077d9211c9,aebf1251-1db1-4ccd-b2ca-e21531ffe33c,Friday,6,13:50:00,14:40:00,IoT Lab,,
fe99fa48-7d60-43aa-af9e-9dcb8dc003f0,18d61081-d3de-4ace-9910-bd077d9211c9,2fd64f51-4c28-455a-a24f-ee801660d98f,Friday,7,14:55:00,15:45:00,CR 5,,
8b7974f2-6983-4d48-a352-7c2a46f479a0,18d61081-d3de-4ace-9910-bd077d9211c9,42ec6cb2-af34-49cc-8480-f7b9ae014150,Saturday,1,08:00:00,08:55:00,CR 5,,
91ec38b0-61e9-4d4b-b7fe-b6e9738a4d74,18d61081-d3de-4ace-9910-bd077d9211c9,3562fdc9-fcce-487f-85e0-f768151f8241,Saturday,2,08:55:00,09:50:00,CR 5,,
82605c88-99c6-4c20-86af-7d6ccdd966ef,18d61081-d3de-4ace-9910-bd077d9211c9,ffedf79b-595d-4b06-9ed0-b8243d029dd1,Saturday,3,10:10:00,11:05:00,CR 5,,
ae3aff39-0cda-4c71-bbdd-c1e1a59e327a,18d61081-d3de-4ace-9910-bd077d9211c9,f5d2b172-ee7d-4e3b-86b6-2d83e8ab38c4,Saturday,4,11:05:00,12:00:00,CR 5,,
757eee0e-eb5c-49a8-8be4-80d1b7322905,18d61081-d3de-4ace-9910-bd077d9211c9,f0af6a32-0afb-452c-a432-923bbfea1490,Saturday,5,13:00:00,13:50:00,CR 5,,
4f3d658a-26ea-44a7-bb62-7d13175b82f7,18d61081-d3de-4ace-9910-bd077d9211c9,f6ebba85-ddbc-4318-978a-2045270243d6,Saturday,6,13:50:00,14:40:00,CR 5,,
43ce297a-f713-4cf2-86e9-bd2a813e0961,18d61081-d3de-4ace-9910-bd077d9211c9,2fd64f51-4c28-455a-a24f-ee801660d98f,Saturday,7,14:55:00,15:45:00,CR 5,,
98ab6280-877b-40a8-90ec-1fdb26ba0f03,18d61081-d3de-4ace-9910-bd077d9211c9,fb41f563-c8c6-40be-a7bf-e48b7c279680,Monday,1,08:00:00,08:55:00,CR 5,,
95cdad2b-e8c2-4ea3-bfcb-bfa1c3fa5eb4,18d61081-d3de-4ace-9910-bd077d9211c9,fb41f563-c8c6-40be-a7bf-e48b7c279680,Monday,2,08:55:00,09:50:00,CR 5,,
62f34d5f-1190-4728-a3a0-424f2ee2e484,18d61081-d3de-4ace-9910-bd077d9211c9,6653afa1-5571-421b-9e59-55321f1d0c34,Monday,3,10:10:00,11:05:00,CR 5,,
c81374d4-e80d-40b5-b895-a9c416e58d11,18d61081-d3de-4ace-9910-bd077d9211c9,6653afa1-5571-421b-9e59-55321f1d0c34,Monday,4,11:05:00,12:00:00,CR 5,,
f8e8757a-b6f0-421f-be54-dbff154efd56,18d61081-d3de-4ace-9910-bd077d9211c9,fb717a30-9d5e-40ee-a8dd-3dff496f6621,Monday,5,13:00:00,13:50:00,CR 5,,
6aaef28b-677a-4a22-a704-1a8c849bb768,18d61081-d3de-4ace-9910-bd077d9211c9,fb717a30-9d5e-40ee-a8dd-3dff496f6621,Monday,6,13:50:00,14:40:00,CR 5,,
6495d658-179b-45c2-940e-583e0afa30c4,18d61081-d3de-4ace-9910-bd077d9211c9,e06e4539-6655-4df8-82b6-829b5dd25632,Monday,7,14:55:00,15:45:00,CR 5,,
bd55af49-424c-4768-b192-980b15606cd2,18d61081-d3de-4ace-9910-bd077d9211c9,d96acc35-4491-4ff5-b9a9-ef40e02169f1,Tuesday,1,08:00:00,08:55:00,IoT Lab,,
b16fde93-fb13-42f5-a9db-c488516f4085,18d61081-d3de-4ace-9910-bd077d9211c9,d96acc35-4491-4ff5-b9a9-ef40e02169f1,Tuesday,2,08:55:00,09:50:00,IoT Lab,,
421eefca-4c4e-4d66-b2bd-5b6f7c49c8db,18d61081-d3de-4ace-9910-bd077d9211c9,06032d49-1eeb-489f-aa3f-cd32c203ede6,Tuesday,3,10:10:00,11:05:00,IoT LAB,,
63df022d-3381-472f-9fca-f3f47e061d48,18d61081-d3de-4ace-9910-bd077d9211c9,06032d49-1eeb-489f-aa3f-cd32c203ede6,Tuesday,4,11:05:00,12:00:00,IoT LAB,,
4595f4f2-adac-4305-8362-b0f2c012e389,a46113b2-b8bb-4498-9d23-89c29d559d00,c606ee72-6070-4686-96e4-3683a68a5df8,Tuesday,4,11:05:00,12:00:00,IoT LAB,,
6037c7c1-1708-49bf-8cc3-f9d6a5dbe7d6,18d61081-d3de-4ace-9910-bd077d9211c9,c1460ece-1d81-4393-a677-7cc5718f288d,Tuesday,5,13:00:00,13:50:00,CR 5,,
260765ce-f2cd-4844-956a-44d2e777c693,18d61081-d3de-4ace-9910-bd077d9211c9,43a6a7a6-fd50-4a02-a20b-d4e2371ea42d,Tuesday,6,13:50:00,14:40:00,CR 5,,
57454ff7-a1c1-48fd-9263-c43b2c76bcbb,18d61081-d3de-4ace-9910-bd077d9211c9,c1460ece-1d81-4393-a677-7cc5718f288d,Tuesday,7,14:55:00,15:45:00,CR 5,,
ddfbcc1f-ed7b-47ed-84a8-93f1f42b8a82,18d61081-d3de-4ace-9910-bd077d9211c9,43a6a7a6-fd50-4a02-a20b-d4e2371ea42d,Wednesday,1,08:00:00,08:55:00,CR 5,,
6ab114d9-cbbf-4759-add6-c23c3c873aba,18d61081-d3de-4ace-9910-bd077d9211c9,5e5c6000-9706-4ae1-97e5-87920c29d2af,Wednesday,2,08:55:00,09:50:00,CR 5,,
0076711b-d266-449f-a95d-7bb23d9f5363,18d61081-d3de-4ace-9910-bd077d9211c9,bb681948-82b2-4711-afea-60f234ad91d0,Wednesday,3,10:10:00,11:05:00,CR 5,,
f4dd39f4-1f90-4157-8749-ba027d2e412a,18d61081-d3de-4ace-9910-bd077d9211c9,4c0d1530-0dd1-42ad-a24f-1cf3d42e9887,Wednesday,4,11:05:00,12:00:00,CR 5,,
ce99381b-4207-468f-815e-7fc885ed3670,18d61081-d3de-4ace-9910-bd077d9211c9,fb717a30-9d5e-40ee-a8dd-3dff496f6621,Wednesday,5,13:00:00,13:50:00,CR 5,,
8b9a1759-fefb-4f37-80b8-68a168c232b3,18d61081-d3de-4ace-9910-bd077d9211c9,f548b49a-0f18-4483-8789-54ac9292b71f,Wednesday,6,13:50:00,14:40:00,CR 5,,
94d6c2ce-2061-43be-9c45-e26b0e3c4791,18d61081-d3de-4ace-9910-bd077d9211c9,f548b49a-0f18-4483-8789-54ac9292b71f,Wednesday,7,14:55:00,15:45:00,CR 5,,
0dee31a5-485b-4e3e-b5ac-61c31c264ff5,18d61081-d3de-4ace-9910-bd077d9211c9,bb681948-82b2-4711-afea-60f234ad91d0,Thursday,1,08:00:00,08:55:00,CR 5,,
f9f4aedb-3df7-4650-8709-3db4486f9f83,18d61081-d3de-4ace-9910-bd077d9211c9,4cf2fe60-52bc-4fbd-a082-831ae266ebd0,Thursday,2,08:55:00,09:50:00,CR 5,,
8d7fac9a-0f37-41e7-8973-74dc4288d144,18d61081-d3de-4ace-9910-bd077d9211c9,5e5c6000-9706-4ae1-97e5-87920c29d2af,Thursday,3,10:10:00,11:05:00,CR 5,,
4fc32e09-1da9-4f00-8c2c-3941ca77ea88,18d61081-d3de-4ace-9910-bd077d9211c9,e06e4539-6655-4df8-82b6-829b5dd25632,Thursday,4,11:05:00,12:00:00,CR 5,,
985b1cde-c92f-462a-babe-fabb6e1b7a1f,18d61081-d3de-4ace-9910-bd077d9211c9,fb41f563-c8c6-40be-a7bf-e48b7c279680,Thursday,5,13:00:00,13:50:00,CR 5,,
00b39a61-9b67-449a-b709-a645ba44d292,18d61081-d3de-4ace-9910-bd077d9211c9,fb41f563-c8c6-40be-a7bf-e48b7c279680,Thursday,6,13:50:00,14:40:00,CR 5,,
ef533814-f277-47ac-848e-e472079f0432,18d61081-d3de-4ace-9910-bd077d9211c9,e06e4539-6655-4df8-82b6-829b5dd25632,Thursday,7,14:55:00,15:45:00,CR 5,,
09e69ccf-9c06-428c-8135-108fbd296330,18d61081-d3de-4ace-9910-bd077d9211c9,5e5c6000-9706-4ae1-97e5-87920c29d2af,Friday,1,08:00:00,08:55:00,CR 5,,
c7d66d4f-24ae-4e61-b38d-c481faa182b8,18d61081-d3de-4ace-9910-bd077d9211c9,5e5c6000-9706-4ae1-97e5-87920c29d2af,Friday,2,08:55:00,09:50:00,CR 5,,
d2b544fc-3793-450e-8dd2-c81f8ba0e3a5,18d61081-d3de-4ace-9910-bd077d9211c9,c1460ece-1d81-4393-a677-7cc5718f288d,Friday,3,10:10:00,11:05:00,CR 5,,
06d9deef-bd41-43f4-af5a-3f64385356e5,18d61081-d3de-4ace-9910-bd077d9211c9,43a6a7a6-fd50-4a02-a20b-d4e2371ea42d,Friday,4,11:05:00,12:00:00,CR 5,,
b91d29c5-36f6-4058-bafd-2b233d806ac2,18d61081-d3de-4ace-9910-bd077d9211c9,ef13dd91-6098-4266-a2ab-75373228f67e,Friday,5,13:00:00,13:50:00,IoT Lab,,
8d79cd60-1ee6-43fc-a8f2-9c6f38fa090e,18d61081-d3de-4ace-9910-bd077d9211c9,ef13dd91-6098-4266-a2ab-75373228f67e,Friday,6,13:50:00,14:40:00,IoT Lab,,
98b1cc5c-da49-42d8-a54f-5c47dd5e75a1,18d61081-d3de-4ace-9910-bd077d9211c9,bb681948-82b2-4711-afea-60f234ad91d0,Friday,7,14:55:00,15:45:00,CR 5,,
b9b4b511-5bab-477d-9762-553d2f0e5b8f,18d61081-d3de-4ace-9910-bd077d9211c9,5e5c6000-9706-4ae1-97e5-87920c29d2af,Saturday,1,08:00:00,08:55:00,CR 5,,
09525a98-2d55-4ddd-a6c1-2f54ded751f1,18d61081-d3de-4ace-9910-bd077d9211c9,4cf2fe60-52bc-4fbd-a082-831ae266ebd0,Saturday,2,08:55:00,09:50:00,CR 5,,
985dae6e-d122-42af-8a4b-334b7ffa2484,18d61081-d3de-4ace-9910-bd077d9211c9,43a6a7a6-fd50-4a02-a20b-d4e2371ea42d,Saturday,3,10:10:00,11:05:00,CR 5,,
de7a5ace-279d-4427-bd8d-ff9e13d0348d,18d61081-d3de-4ace-9910-bd077d9211c9,e06e4539-6655-4df8-82b6-829b5dd25632,Saturday,4,11:05:00,12:00:00,CR 5,,
255eb3d6-5ad1-4867-b13a-acbb4d188471,18d61081-d3de-4ace-9910-bd077d9211c9,c1460ece-1d81-4393-a677-7cc5718f288d,Saturday,5,13:00:00,13:50:00,CR 5,,
8ad9bcc0-6078-4f80-b019-38a61dcbfa03,18d61081-d3de-4ace-9910-bd077d9211c9,f548b49a-0f18-4483-8789-54ac9292b71f,Saturday,6,13:50:00,14:40:00,CR 5,,
35fed878-9494-4817-b2eb-b1587f55fe93,18d61081-d3de-4ace-9910-bd077d9211c9,bb681948-82b2-4711-afea-60f234ad91d0,Saturday,7,14:55:00,15:45:00,CR 5,,
13f88542-1504-42a7-956e-894f2ba6b108,f34b7f7b-30d8-49c6-9768-3a0ff80067ff,636fd237-5059-4f11-b06c-b2649796631d,Monday,1,08:00:00,08:55:00,CR 5,,
2aa5bba4-081e-422c-a11c-f25ec981ae1b,f34b7f7b-30d8-49c6-9768-3a0ff80067ff,636fd237-5059-4f11-b06c-b2649796631d,Monday,2,08:55:00,09:50:00,CR 5,,
dcceaafa-e744-4937-a923-7e872302293b,f34b7f7b-30d8-49c6-9768-3a0ff80067ff,4ae56f95-59fa-407a-b151-f09e060a20c2,Monday,3,10:10:00,11:05:00,CR 5,,
34435cc6-58bb-48c4-bedf-157805cb0b93,f34b7f7b-30d8-49c6-9768-3a0ff80067ff,4ae56f95-59fa-407a-b151-f09e060a20c2,Monday,4,11:05:00,12:00:00,CR 5,,
b500792e-03d0-40ab-b2fe-9033223fb999,f34b7f7b-30d8-49c6-9768-3a0ff80067ff,50c8b02e-5492-41db-962e-5c93fcd71d33,Monday,5,13:00:00,13:50:00,CR 5,,
73b26f72-946c-4bd7-aab8-8b9f5a069445,f34b7f7b-30d8-49c6-9768-3a0ff80067ff,50c8b02e-5492-41db-962e-5c93fcd71d33,Monday,6,13:50:00,14:40:00,CR 5,,
42dff36a-52d3-4774-942c-c0d55ff7b93a,f34b7f7b-30d8-49c6-9768-3a0ff80067ff,e93343d7-22e5-4215-b259-14ec633cae32,Monday,7,14:55:00,15:45:00,CR 5,,
1c8dcd09-7100-41c2-90ea-54c2b1169265,f34b7f7b-30d8-49c6-9768-3a0ff80067ff,1d903b90-eb7c-4cf1-a2b4-a8d60ad30402,Tuesday,1,08:00:00,08:55:00,IoT Lab,,
51ee8870-1afd-49e2-99ba-8333aa17bfc4,f34b7f7b-30d8-49c6-9768-3a0ff80067ff,1d903b90-eb7c-4cf1-a2b4-a8d60ad30402,Tuesday,2,08:55:00,09:50:00,IoT Lab,,
b5ab7183-ffaf-4f10-973a-de10d8ab5080,f34b7f7b-30d8-49c6-9768-3a0ff80067ff,e7fd4027-2f95-4dd8-af39-23ccccc227e6,Tuesday,3,10:10:00,11:05:00,IoT LAB,,
c2415c03-181a-4567-965a-633c49147cb3,f34b7f7b-30d8-49c6-9768-3a0ff80067ff,e7fd4027-2f95-4dd8-af39-23ccccc227e6,Tuesday,4,11:05:00,12:00:00,IoT LAB,,
7f8e6771-056c-4fe9-b5f9-7ad4a0b07494,f34b7f7b-30d8-49c6-9768-3a0ff80067ff,98e0fa00-4378-494f-81cd-5f1aaf5421d6,Tuesday,5,13:00:00,13:50:00,CR 5,,
62f357e0-7046-4d79-afa0-3b1c565ce16e,f34b7f7b-30d8-49c6-9768-3a0ff80067ff,f63ea89c-6055-4190-8593-69284f2119fe,Tuesday,6,13:50:00,14:40:00,CR 5,,
86471b9d-c107-4db0-91c3-1e0924871e80,f34b7f7b-30d8-49c6-9768-3a0ff80067ff,98e0fa00-4378-494f-81cd-5f1aaf5421d6,Tuesday,7,14:55:00,15:45:00,CR 5,,
12403116-328c-4d04-937e-a461458ba30b,f34b7f7b-30d8-49c6-9768-3a0ff80067ff,f63ea89c-6055-4190-8593-69284f2119fe,Wednesday,1,08:00:00,08:55:00,CR 5,,
3f24161b-dac4-4783-be79-74b4ed44305c,f34b7f7b-30d8-49c6-9768-3a0ff80067ff,54c41faf-342d-41a3-a4fd-e31075b16f23,Wednesday,2,08:55:00,09:50:00,CR 5,,
292d69d6-f1aa-42bb-87ea-da4e93e8c2b1,f34b7f7b-30d8-49c6-9768-3a0ff80067ff,0f96b46f-e2d9-4436-a114-8c1e7379db99,Wednesday,3,10:10:00,11:05:00,CR 5,,
246bf9a6-1e14-476b-913c-bde2edb95468,f34b7f7b-30d8-49c6-9768-3a0ff80067ff,9336b1a3-258f-4fc1-943c-021e219b2b18,Wednesday,4,11:05:00,12:00:00,CR 5,,
8f4cc897-4115-4f28-a600-e4dd9b488902,f34b7f7b-30d8-49c6-9768-3a0ff80067ff,50c8b02e-5492-41db-962e-5c93fcd71d33,Wednesday,5,13:00:00,13:50:00,CR 5,,
11b30024-829f-4a20-b87a-de5863c649e3,f34b7f7b-30d8-49c6-9768-3a0ff80067ff,edab0e5d-7649-465c-bc17-ef1db7858319,Wednesday,6,13:50:00,14:40:00,CR 5,,
da552ae6-b20d-4e53-b39f-dea78be93b39,f34b7f7b-30d8-49c6-9768-3a0ff80067ff,edab0e5d-7649-465c-bc17-ef1db7858319,Wednesday,7,14:55:00,15:45:00,CR 5,,
4ed588f1-ef0e-42df-b456-0f42150e765f,f34b7f7b-30d8-49c6-9768-3a0ff80067ff,0f96b46f-e2d9-4436-a114-8c1e7379db99,Thursday,1,08:00:00,08:55:00,CR 5,,
bc16a591-e30e-437f-9a51-fc8591691e65,f34b7f7b-30d8-49c6-9768-3a0ff80067ff,d6b83065-6733-4eb6-9a4a-0cec2d5c4173,Thursday,2,08:55:00,09:50:00,CR 5,,
9213671b-1e78-47ab-bfda-f5335c5649dc,f34b7f7b-30d8-49c6-9768-3a0ff80067ff,54c41faf-342d-41a3-a4fd-e31075b16f23,Thursday,3,10:10:00,11:05:00,CR 5,,
8eeb57ba-2234-4f1a-acfd-9d434ce24318,f34b7f7b-30d8-49c6-9768-3a0ff80067ff,e93343d7-22e5-4215-b259-14ec633cae32,Thursday,4,11:05:00,12:00:00,CR 5,,
575da1c8-7142-4d5a-bb64-19c56aa0d934,f34b7f7b-30d8-49c6-9768-3a0ff80067ff,636fd237-5059-4f11-b06c-b2649796631d,Thursday,5,13:00:00,13:50:00,CR 5,,
1fa3a2ab-3605-4f0c-bb5b-7dd664e5ff19,f34b7f7b-30d8-49c6-9768-3a0ff80067ff,636fd237-5059-4f11-b06c-b2649796631d,Thursday,6,13:50:00,14:40:00,CR 5,,
acb082fe-a4d6-42f7-97de-2cbe6087b2cd,f34b7f7b-30d8-49c6-9768-3a0ff80067ff,e93343d7-22e5-4215-b259-14ec633cae32,Thursday,7,14:55:00,15:45:00,CR 5,,
e268e4a0-7d62-4eb5-9326-4c2a07fb06f6,f34b7f7b-30d8-49c6-9768-3a0ff80067ff,54c41faf-342d-41a3-a4fd-e31075b16f23,Friday,1,08:00:00,08:55:00,CR 5,,
8929ad20-9674-4e75-9952-7ee3bdd79050,f34b7f7b-30d8-49c6-9768-3a0ff80067ff,54c41faf-342d-41a3-a4fd-e31075b16f23,Friday,2,08:55:00,09:50:00,CR 5,,
bf2cfc93-e663-4730-82a1-b8502ecd5daa,f34b7f7b-30d8-49c6-9768-3a0ff80067ff,98e0fa00-4378-494f-81cd-5f1aaf5421d6,Friday,3,10:10:00,11:05:00,CR 5,,
eeb93130-2ae7-41df-ad01-09eb1926a466,f34b7f7b-30d8-49c6-9768-3a0ff80067ff,f63ea89c-6055-4190-8593-69284f2119fe,Friday,4,11:05:00,12:00:00,CR 5,,
9a2f9073-e266-4841-922c-6f955c9cdce4,f34b7f7b-30d8-49c6-9768-3a0ff80067ff,ab6b61d7-ff8a-43f5-bc4c-b86d9cc59600,Friday,5,13:00:00,13:50:00,IoT Lab,,
c2daa74b-bba7-46f0-8a5f-86c7e86099b9,f34b7f7b-30d8-49c6-9768-3a0ff80067ff,ab6b61d7-ff8a-43f5-bc4c-b86d9cc59600,Friday,6,13:50:00,14:40:00,IoT Lab,,
d1da3d8a-5892-4f91-8e9a-302badb55d35,f34b7f7b-30d8-49c6-9768-3a0ff80067ff,0f96b46f-e2d9-4436-a114-8c1e7379db99,Friday,7,14:55:00,15:45:00,CR 5,,
4f555334-92ba-4f84-9b01-938ca70bc011,f34b7f7b-30d8-49c6-9768-3a0ff80067ff,54c41faf-342d-41a3-a4fd-e31075b16f23,Saturday,1,08:00:00,08:55:00,CR 5,,
087a818e-105a-4ca9-9183-e76ae54e07bb,f34b7f7b-30d8-49c6-9768-3a0ff80067ff,d6b83065-6733-4eb6-9a4a-0cec2d5c4173,Saturday,2,08:55:00,09:50:00,CR 5,,
919abfb7-7eab-4a4e-8c1a-9e98df57449d,f34b7f7b-30d8-49c6-9768-3a0ff80067ff,f63ea89c-6055-4190-8593-69284f2119fe,Saturday,3,10:10:00,11:05:00,CR 5,,
bb1ed0a8-787e-4728-9a16-eec99cfd5a8a,f34b7f7b-30d8-49c6-9768-3a0ff80067ff,e93343d7-22e5-4215-b259-14ec633cae32,Saturday,4,11:05:00,12:00:00,CR 5,,
139b11fe-15ba-4a6c-8452-6fc338dd2fcd,f34b7f7b-30d8-49c6-9768-3a0ff80067ff,98e0fa00-4378-494f-81cd-5f1aaf5421d6,Saturday,5,13:00:00,13:50:00,CR 5,,
87590881-37e8-4ad6-9b7b-53a4537e9630,f34b7f7b-30d8-49c6-9768-3a0ff80067ff,edab0e5d-7649-465c-bc17-ef1db7858319,Saturday,6,13:50:00,14:40:00,CR 5,,
9f441aec-ce71-49dc-ad65-fa2d84b30280,f34b7f7b-30d8-49c6-9768-3a0ff80067ff,0f96b46f-e2d9-4436-a114-8c1e7379db99,Saturday,7,14:55:00,15:45:00,CR 5,,
33b06ff1-39ae-48d0-807a-baef3afc069b,65063158-a019-4bc7-adfe-7662cab0a6db,6d5ac654-8e34-4ff7-809a-32729e867493,Monday,1,08:00:00,08:55:00,CR 5,,
3153663c-10f3-4472-bf7b-79eaf02955c5,65063158-a019-4bc7-adfe-7662cab0a6db,6d5ac654-8e34-4ff7-809a-32729e867493,Monday,2,08:55:00,09:50:00,CR 5,,
c37e1171-11f2-4623-9eb8-e483b4ba0ebb,65063158-a019-4bc7-adfe-7662cab0a6db,8c970883-19de-465a-b1d0-a50311dc659b,Monday,3,10:10:00,11:05:00,CR 5,,
5e63a0f9-eabf-4c1a-a804-ea21aba74024,65063158-a019-4bc7-adfe-7662cab0a6db,8c970883-19de-465a-b1d0-a50311dc659b,Monday,4,11:05:00,12:00:00,CR 5,,
ca3e04c2-0f30-4011-8fee-68946d2e028c,65063158-a019-4bc7-adfe-7662cab0a6db,3b1c7e35-491b-4ff2-b106-72df37560ed4,Monday,5,13:00:00,13:50:00,CR 5,,
8b6e1717-d87f-4b15-89b8-eb62415dee07,65063158-a019-4bc7-adfe-7662cab0a6db,3b1c7e35-491b-4ff2-b106-72df37560ed4,Monday,6,13:50:00,14:40:00,CR 5,,
cc906633-6e12-4104-9e84-72b495ed0bb7,65063158-a019-4bc7-adfe-7662cab0a6db,76ba92a9-47c4-474d-a982-cd906b9fd598,Monday,7,14:55:00,15:45:00,CR 5,,
cd0e9e1e-0fa1-4e28-90ba-a8034503780f,65063158-a019-4bc7-adfe-7662cab0a6db,d6286414-d35d-47cb-b48c-01abdefd9558,Tuesday,1,08:00:00,08:55:00,IoT Lab,,
ef03e5cc-f04c-4bbd-87e4-bac120e209c0,65063158-a019-4bc7-adfe-7662cab0a6db,d6286414-d35d-47cb-b48c-01abdefd9558,Tuesday,2,08:55:00,09:50:00,IoT Lab,,
7a355744-808d-47bf-a69b-bd7a32337c97,65063158-a019-4bc7-adfe-7662cab0a6db,a454db8d-477d-443f-b2c4-c009a85387d6,Tuesday,3,10:10:00,11:05:00,IoT LAB,,
72a82c7f-0e98-450a-b188-27af335eaaba,65063158-a019-4bc7-adfe-7662cab0a6db,a454db8d-477d-443f-b2c4-c009a85387d6,Tuesday,4,11:05:00,12:00:00,IoT LAB,,
ce0c2e1a-c14f-4f91-b54a-f118df60582a,65063158-a019-4bc7-adfe-7662cab0a6db,48bbc30f-07fd-4bee-b538-d1954de59ed2,Tuesday,5,13:00:00,13:50:00,CR 5,,
a688ddfc-7a9a-4ae2-a127-5c62ff5f550f,65063158-a019-4bc7-adfe-7662cab0a6db,cf94beca-e45b-4a80-ad39-0287cca3fdac,Tuesday,6,13:50:00,14:40:00,CR 5,,
31f263c5-cb07-4c30-9374-69841bb3a275,65063158-a019-4bc7-adfe-7662cab0a6db,48bbc30f-07fd-4bee-b538-d1954de59ed2,Tuesday,7,14:55:00,15:45:00,CR 5,,
eda3ac6f-f6b6-445b-a211-ef28a178b81f,65063158-a019-4bc7-adfe-7662cab0a6db,cf94beca-e45b-4a80-ad39-0287cca3fdac,Wednesday,1,08:00:00,08:55:00,CR 5,,
ae8f27be-0928-4219-8e59-dc51c548c260,65063158-a019-4bc7-adfe-7662cab0a6db,bcde4cbb-9ef8-42fc-b2c3-d61618f12deb,Wednesday,2,08:55:00,09:50:00,CR 5,,
dc574bbf-2110-4366-9d38-87db13b18500,65063158-a019-4bc7-adfe-7662cab0a6db,78c4f139-2728-434f-8329-74dd242111e3,Wednesday,3,10:10:00,11:05:00,CR 5,,
fdd99e4c-40b6-47fb-863c-139d27d07e39,65063158-a019-4bc7-adfe-7662cab0a6db,abd3218d-9107-42b9-aafd-9a8a52815bdf,Wednesday,4,11:05:00,12:00:00,CR 5,,
e07bd85c-25c3-45c9-9eb6-9f0c463f9002,65063158-a019-4bc7-adfe-7662cab0a6db,3b1c7e35-491b-4ff2-b106-72df37560ed4,Wednesday,5,13:00:00,13:50:00,CR 5,,
a100492d-5795-40be-a400-518372784c77,65063158-a019-4bc7-adfe-7662cab0a6db,7ffa17de-3601-4a5d-b8eb-443f7f39db89,Wednesday,6,13:50:00,14:40:00,CR 5,,
8e2949bc-6190-4e38-9884-8e276d32a3e4,65063158-a019-4bc7-adfe-7662cab0a6db,7ffa17de-3601-4a5d-b8eb-443f7f39db89,Wednesday,7,14:55:00,15:45:00,CR 5,,
4db6eed5-2271-4f99-8ddd-251c43d2024a,65063158-a019-4bc7-adfe-7662cab0a6db,78c4f139-2728-434f-8329-74dd242111e3,Thursday,1,08:00:00,08:55:00,CR 5,,
731f3ce7-b59f-418b-9d21-308300bf76a2,65063158-a019-4bc7-adfe-7662cab0a6db,6bdd6a36-b280-4036-95e4-110199761dbc,Thursday,2,08:55:00,09:50:00,CR 5,,
4eb55a88-5c78-47ba-bed4-16a54ac317b0,65063158-a019-4bc7-adfe-7662cab0a6db,bcde4cbb-9ef8-42fc-b2c3-d61618f12deb,Thursday,3,10:10:00,11:05:00,CR 5,,
24b3d7fb-4bc8-43e0-8acf-0940f2aea3b2,65063158-a019-4bc7-adfe-7662cab0a6db,6d5ac654-8e34-4ff7-809a-32729e867493,Thursday,5,13:00:00,13:50:00,CR 5,,
fe927526-b648-460d-bf36-93c61d62fed6,65063158-a019-4bc7-adfe-7662cab0a6db,6d5ac654-8e34-4ff7-809a-32729e867493,Thursday,6,13:50:00,14:40:00,CR 5,,
c9a77c76-8a51-4ecd-95ec-5aaa9e633970,65063158-a019-4bc7-adfe-7662cab0a6db,bcde4cbb-9ef8-42fc-b2c3-d61618f12deb,Friday,1,08:00:00,08:55:00,CR 5,,
c780bda3-4907-4c8c-98f6-8ce83c35122b,65063158-a019-4bc7-adfe-7662cab0a6db,bcde4cbb-9ef8-42fc-b2c3-d61618f12deb,Friday,2,08:55:00,09:50:00,CR 5,,
31206a9a-7b6c-41f3-b1e6-dcf0ac03b3d0,65063158-a019-4bc7-adfe-7662cab0a6db,48bbc30f-07fd-4bee-b538-d1954de59ed2,Friday,3,10:10:00,11:05:00,CR 5,,
ad18c5b6-f3f0-48ce-8f29-074585b7ec3e,65063158-a019-4bc7-adfe-7662cab0a6db,cf94beca-e45b-4a80-ad39-0287cca3fdac,Friday,4,11:05:00,12:00:00,CR 5,,
7bd62783-dd36-4fb6-9ba7-e3f61dee6ea0,65063158-a019-4bc7-adfe-7662cab0a6db,7ee8966b-6430-4010-b7ab-ccc7666311a6,Friday,5,13:00:00,13:50:00,IoT Lab,,
d91dfe81-cb00-42e3-8277-31a20536818b,65063158-a019-4bc7-adfe-7662cab0a6db,7ee8966b-6430-4010-b7ab-ccc7666311a6,Friday,6,13:50:00,14:40:00,IoT Lab,,
ae26acfd-824b-4c0a-8862-9526c7fca7fa,65063158-a019-4bc7-adfe-7662cab0a6db,78c4f139-2728-434f-8329-74dd242111e3,Friday,7,14:55:00,15:45:00,CR 5,,
f4bb9769-fe8b-46ca-b5f0-17673ffc12b0,65063158-a019-4bc7-adfe-7662cab0a6db,bcde4cbb-9ef8-42fc-b2c3-d61618f12deb,Saturday,1,08:00:00,08:55:00,CR 5,,
b09583e8-d8b2-43b3-a01c-7480ee5da070,65063158-a019-4bc7-adfe-7662cab0a6db,6bdd6a36-b280-4036-95e4-110199761dbc,Saturday,2,08:55:00,09:50:00,CR 5,,
5f854291-77b6-481d-bf4a-0c70eea0861d,65063158-a019-4bc7-adfe-7662cab0a6db,cf94beca-e45b-4a80-ad39-0287cca3fdac,Saturday,3,10:10:00,11:05:00,CR 5,,
64395fc9-d9ba-414e-9b9d-c6d1b93427c6,65063158-a019-4bc7-adfe-7662cab0a6db,76ba92a9-47c4-474d-a982-cd906b9fd598,Saturday,4,11:05:00,12:00:00,CR 5,,
4c8ae0c1-78b8-4aef-ae3e-38c4773154a5,65063158-a019-4bc7-adfe-7662cab0a6db,48bbc30f-07fd-4bee-b538-d1954de59ed2,Saturday,5,13:00:00,13:50:00,CR 5,,
8cf80489-0579-44bc-be03-1027607b1aab,65063158-a019-4bc7-adfe-7662cab0a6db,7ffa17de-3601-4a5d-b8eb-443f7f39db89,Saturday,6,13:50:00,14:40:00,CR 5,,
ad672173-5248-4c6e-8187-cf112c0c6081,65063158-a019-4bc7-adfe-7662cab0a6db,78c4f139-2728-434f-8329-74dd242111e3,Saturday,7,14:55:00,15:45:00,CR 5,,
e4b201f7-f538-4ac1-8db7-9734a362b0bc,65063158-a019-4bc7-adfe-7662cab0a6db,76ba92a9-47c4-474d-a982-cd906b9fd598,Thursday,4,11:05:00,12:00:00,CR 5,,
4a4d8a5c-7104-4b5c-b03c-c73a62da465e,65063158-a019-4bc7-adfe-7662cab0a6db,76ba92a9-47c4-474d-a982-cd906b9fd598,Thursday,7,14:55:00,15:45:00,CR 5,,
724ab7df-bbbc-4143-9605-6e08a490f0a2,a46113b2-b8bb-4498-9d23-89c29d559d00,7f4a7e05-db7d-4929-9568-dd56e4bf7375,Tuesday,5,13:00:00,13:50:00,CR 5,,
48a9b377-4531-4956-9aa4-b7edb4a9c9dd,a46113b2-b8bb-4498-9d23-89c29d559d00,b0b6e8eb-ea89-4a83-9aca-ec9469cc64a9,Tuesday,6,13:50:00,14:40:00,CR 5,,
ea64dd73-df66-4445-90de-38885ba216f5,a46113b2-b8bb-4498-9d23-89c29d559d00,7f4a7e05-db7d-4929-9568-dd56e4bf7375,Tuesday,7,14:55:00,15:45:00,CR 5,,
d7cb7f4f-32bc-43f5-a501-5d77f20ab156,a46113b2-b8bb-4498-9d23-89c29d559d00,b0b6e8eb-ea89-4a83-9aca-ec9469cc64a9,Wednesday,1,08:00:00,08:55:00,CR 5,,
30eabd78-956e-4c71-ac4c-7d66aad76d0f,a46113b2-b8bb-4498-9d23-89c29d559d00,58b37013-6bac-438b-a0be-376071de191b,Wednesday,2,08:55:00,09:50:00,CR 5,,
933f5a32-7b77-4936-9e00-f14508991595,a46113b2-b8bb-4498-9d23-89c29d559d00,65d90220-c7d9-4c0f-a544-5ab7daea523a,Wednesday,3,10:10:00,11:05:00,CR 5,,
ea014da1-687f-4381-ad76-6118c9c79c5f,a46113b2-b8bb-4498-9d23-89c29d559d00,baa04277-08c0-473b-ba71-9c19c46ce8c8,Wednesday,4,11:05:00,12:00:00,CR 5,,
20852271-e7ef-4e85-9ee6-d6b520aa9759,a46113b2-b8bb-4498-9d23-89c29d559d00,de84e7fc-0656-4ba0-83a0-7a2c52fa3007,Wednesday,5,13:00:00,13:50:00,CR 5,,
288331df-2f09-4071-9d86-2deec231472d,a46113b2-b8bb-4498-9d23-89c29d559d00,4e1e87b4-7101-4a5d-8c15-61caddc35ffb,Wednesday,6,13:50:00,14:40:00,CR 5,,
8b16d9eb-9854-4707-915d-3a7d29be6ab1,a46113b2-b8bb-4498-9d23-89c29d559d00,4e1e87b4-7101-4a5d-8c15-61caddc35ffb,Wednesday,7,14:55:00,15:45:00,CR 5,,
daf80517-f7b3-484c-bf50-a2cb711a6704,a46113b2-b8bb-4498-9d23-89c29d559d00,65d90220-c7d9-4c0f-a544-5ab7daea523a,Thursday,1,08:00:00,08:55:00,CR 5,,
1a26ce42-5717-4d80-a2b0-44546bf32ae8,a46113b2-b8bb-4498-9d23-89c29d559d00,4f2f9702-6265-4603-966f-b9b53fd94621,Thursday,2,08:55:00,09:50:00,CR 5,,
28fa942a-f871-4e28-8dd6-f1388a91ce4e,a46113b2-b8bb-4498-9d23-89c29d559d00,58b37013-6bac-438b-a0be-376071de191b,Thursday,3,10:10:00,11:05:00,CR 5,,
02bd9a27-1f0f-4ccc-8e0b-0ef6c6e20a03,a46113b2-b8bb-4498-9d23-89c29d559d00,fe5f9e58-1088-45a9-bfdf-fc8039119934,Thursday,5,13:00:00,13:50:00,CR 5,,
16a5d624-217e-484b-8c40-7f31d1bbca83,a46113b2-b8bb-4498-9d23-89c29d559d00,fe5f9e58-1088-45a9-bfdf-fc8039119934,Thursday,6,13:50:00,14:40:00,CR 5,,
e89a4f8f-a5e0-4684-a544-5ac829ab0643,7fbc691b-e49b-4dfd-a242-8189df61ba40,ca08ab7a-d637-4320-8998-b1e9750b9fcf,Monday,1,08:00:00,08:55:00,CR 5,,
2a756d8b-b478-41e9-86b6-45b0be4eb767,7fbc691b-e49b-4dfd-a242-8189df61ba40,ca08ab7a-d637-4320-8998-b1e9750b9fcf,Monday,2,08:55:00,09:50:00,CR 5,,
2f32db76-4a22-453d-9c7d-baa277e742b2,7fbc691b-e49b-4dfd-a242-8189df61ba40,1d5be251-a00b-455a-ba2f-715f7e2148ed,Monday,3,10:10:00,11:05:00,CR 5,,
3ff34ed2-a604-4c5a-8082-470c80580b03,7fbc691b-e49b-4dfd-a242-8189df61ba40,1d5be251-a00b-455a-ba2f-715f7e2148ed,Monday,4,11:05:00,12:00:00,CR 5,,
ed87646f-f64a-4e98-821e-857206f9a71e,7fbc691b-e49b-4dfd-a242-8189df61ba40,aeb4b924-9203-40e2-bcb1-c7ef0781db08,Monday,5,13:00:00,13:50:00,CR 5,,
f13f09b3-77e7-4250-8f3b-8d3d89a48fdc,7fbc691b-e49b-4dfd-a242-8189df61ba40,aeb4b924-9203-40e2-bcb1-c7ef0781db08,Monday,6,13:50:00,14:40:00,CR 5,,
75f8a264-35c0-43f4-a2be-bd0672635527,7fbc691b-e49b-4dfd-a242-8189df61ba40,20ac5b29-1818-40dd-956a-3883e7458a64,Monday,7,14:55:00,15:45:00,CR 5,,
9ac69fb0-8593-4aba-b55d-9dc81b429be3,7fbc691b-e49b-4dfd-a242-8189df61ba40,816af5f0-14de-4913-b473-ee9731575315,Tuesday,1,08:00:00,08:55:00,IoT Lab,,
bbd956c3-9271-4c95-aeb1-bc127304d02f,7fbc691b-e49b-4dfd-a242-8189df61ba40,816af5f0-14de-4913-b473-ee9731575315,Tuesday,2,08:55:00,09:50:00,IoT Lab,,
dbfd299b-fd88-44fe-968a-df6912300f25,7fbc691b-e49b-4dfd-a242-8189df61ba40,cc40c20e-91f2-43c8-841d-b48c4529634f,Tuesday,3,10:10:00,11:05:00,IoT LAB,,
9aa820ee-1110-4fa4-8e70-ffb79dacbe00,7fbc691b-e49b-4dfd-a242-8189df61ba40,cc40c20e-91f2-43c8-841d-b48c4529634f,Tuesday,4,11:05:00,12:00:00,IoT LAB,,
c0abb4c0-c77b-4ed9-8838-dc28f01a7705,7fbc691b-e49b-4dfd-a242-8189df61ba40,4bb2ac79-5b72-4602-9c2a-36428563dd39,Tuesday,5,13:00:00,13:50:00,CR 5,,
a6dbc3ca-539d-4bc3-9768-e50352f081f0,7fbc691b-e49b-4dfd-a242-8189df61ba40,dc9b7da7-fd9f-402c-bcd8-acc8d9d23bf1,Tuesday,6,13:50:00,14:40:00,CR 5,,
2a484b74-5a9b-4162-bb8b-ec7a153b8b08,7fbc691b-e49b-4dfd-a242-8189df61ba40,4bb2ac79-5b72-4602-9c2a-36428563dd39,Tuesday,7,14:55:00,15:45:00,CR 5,,
e2dc0656-b46d-406b-8d94-130c14eb8730,7fbc691b-e49b-4dfd-a242-8189df61ba40,dc9b7da7-fd9f-402c-bcd8-acc8d9d23bf1,Wednesday,1,08:00:00,08:55:00,CR 5,,
cd8fcc85-9bfb-4c6a-9e55-500ebec17fc9,7fbc691b-e49b-4dfd-a242-8189df61ba40,424bceaf-6916-4577-8bb0-bb476233f54c,Wednesday,2,08:55:00,09:50:00,CR 5,,
5dbf9016-7f84-432b-adbd-77f18feed84b,7fbc691b-e49b-4dfd-a242-8189df61ba40,9fec7480-7ecc-42a3-b865-958a3e073bab,Wednesday,3,10:10:00,11:05:00,CR 5,,
d0d78428-abf9-4775-93ab-e59b51de8740,7fbc691b-e49b-4dfd-a242-8189df61ba40,269878a8-ed30-455c-b19d-6100858b1d47,Wednesday,4,11:05:00,12:00:00,CR 5,,
c4e3ecea-657f-4bca-8b46-39f2cdcf3f2d,7fbc691b-e49b-4dfd-a242-8189df61ba40,aeb4b924-9203-40e2-bcb1-c7ef0781db08,Wednesday,5,13:00:00,13:50:00,CR 5,,
c9658269-743a-4ee5-ba73-a2fdeeefb756,7fbc691b-e49b-4dfd-a242-8189df61ba40,60252667-2f04-4b7f-a437-8b8a6f528999,Wednesday,6,13:50:00,14:40:00,CR 5,,
4d49dea8-8902-4290-ac4e-1971879769d4,7fbc691b-e49b-4dfd-a242-8189df61ba40,60252667-2f04-4b7f-a437-8b8a6f528999,Wednesday,7,14:55:00,15:45:00,CR 5,,
8ff9e5c9-9d3b-4f95-94cc-64626ee0c2c4,7fbc691b-e49b-4dfd-a242-8189df61ba40,9fec7480-7ecc-42a3-b865-958a3e073bab,Thursday,1,08:00:00,08:55:00,CR 5,,
f4371694-3b59-4cd6-a890-8ebdc298d19b,7fbc691b-e49b-4dfd-a242-8189df61ba40,a497d3a8-0401-4043-8767-ef51e926b3ed,Thursday,2,08:55:00,09:50:00,CR 5,,
c7589368-fd03-491a-b972-9993f5c7fc9c,7fbc691b-e49b-4dfd-a242-8189df61ba40,424bceaf-6916-4577-8bb0-bb476233f54c,Thursday,3,10:10:00,11:05:00,CR 5,,
81806bf6-c9bd-4528-b83d-0e6d39e78c22,7fbc691b-e49b-4dfd-a242-8189df61ba40,ca08ab7a-d637-4320-8998-b1e9750b9fcf,Thursday,5,13:00:00,13:50:00,CR 5,,
c40e865e-d4d6-41c8-b849-0aba107272c3,7fbc691b-e49b-4dfd-a242-8189df61ba40,ca08ab7a-d637-4320-8998-b1e9750b9fcf,Thursday,6,13:50:00,14:40:00,CR 5,,
d3a194b5-8be9-4d52-a6d5-83ef7f166f69,7fbc691b-e49b-4dfd-a242-8189df61ba40,424bceaf-6916-4577-8bb0-bb476233f54c,Friday,1,08:00:00,08:55:00,CR 5,,
3e73c0f6-f7be-4ee9-887d-3d17db1c1fc6,7fbc691b-e49b-4dfd-a242-8189df61ba40,424bceaf-6916-4577-8bb0-bb476233f54c,Friday,2,08:55:00,09:50:00,CR 5,,
796e5bbe-21dd-4654-a4e9-b34190ee682e,7fbc691b-e49b-4dfd-a242-8189df61ba40,4bb2ac79-5b72-4602-9c2a-36428563dd39,Friday,3,10:10:00,11:05:00,CR 5,,
7196da19-f972-4df3-a14a-7ec84c73519c,7fbc691b-e49b-4dfd-a242-8189df61ba40,dc9b7da7-fd9f-402c-bcd8-acc8d9d23bf1,Friday,4,11:05:00,12:00:00,CR 5,,
2a223d70-76f5-4787-b556-1a001f0dd8c7,7fbc691b-e49b-4dfd-a242-8189df61ba40,97fcc96d-9a99-423c-a8a9-13c0263dc27d,Friday,5,13:00:00,13:50:00,IoT Lab,,
820c904f-2e12-4ea9-a0f9-59b5f13e1cb3,7fbc691b-e49b-4dfd-a242-8189df61ba40,97fcc96d-9a99-423c-a8a9-13c0263dc27d,Friday,6,13:50:00,14:40:00,IoT Lab,,
7670c82a-668a-4217-a7ba-141493bdf665,7fbc691b-e49b-4dfd-a242-8189df61ba40,9fec7480-7ecc-42a3-b865-958a3e073bab,Friday,7,14:55:00,15:45:00,CR 5,,
6d2cbe57-6fe8-4231-b566-e90fa61d0a68,7fbc691b-e49b-4dfd-a242-8189df61ba40,424bceaf-6916-4577-8bb0-bb476233f54c,Saturday,1,08:00:00,08:55:00,CR 5,,
183f168c-06d2-4e7a-b827-391240c7ad48,7fbc691b-e49b-4dfd-a242-8189df61ba40,a497d3a8-0401-4043-8767-ef51e926b3ed,Saturday,2,08:55:00,09:50:00,CR 5,,
1808800b-4df3-4aed-af6a-ec4bac47f31c,7fbc691b-e49b-4dfd-a242-8189df61ba40,dc9b7da7-fd9f-402c-bcd8-acc8d9d23bf1,Saturday,3,10:10:00,11:05:00,CR 5,,
7cafa51c-767f-4fe1-b9d9-1b987bc80e0f,7fbc691b-e49b-4dfd-a242-8189df61ba40,20ac5b29-1818-40dd-956a-3883e7458a64,Saturday,4,11:05:00,12:00:00,CR 5,,
c9c9bb59-1396-48eb-82ed-0ce63b7e6d7f,7fbc691b-e49b-4dfd-a242-8189df61ba40,4bb2ac79-5b72-4602-9c2a-36428563dd39,Saturday,5,13:00:00,13:50:00,CR 5,,
d716a445-cc64-49b3-95c9-5f6b2fcb2d24,7fbc691b-e49b-4dfd-a242-8189df61ba40,60252667-2f04-4b7f-a437-8b8a6f528999,Saturday,6,13:50:00,14:40:00,CR 5,,
dc6634f6-48ad-497e-9bb8-5c5f7286e9b0,7fbc691b-e49b-4dfd-a242-8189df61ba40,9fec7480-7ecc-42a3-b865-958a3e073bab,Saturday,7,14:55:00,15:45:00,CR 5,,
2c024948-7d89-4c79-ac73-26c7d6da8f4e,7fbc691b-e49b-4dfd-a242-8189df61ba40,20ac5b29-1818-40dd-956a-3883e7458a64,Thursday,4,11:05:00,12:00:00,CR 5,,
a5d29859-ce36-4b15-bb30-ee011a69af75,7fbc691b-e49b-4dfd-a242-8189df61ba40,20ac5b29-1818-40dd-956a-3883e7458a64,Thursday,7,14:55:00,15:45:00,CR 5,,