id,user_id,minimum_attendance,theme,notifications,daily_reminders,email_timer,low_attendance_warnings,updated_at
47f8f6ce-6ac0-4237-8a7b-31b26741aa14,67288463-f0e5-4244-b16c-6fd7c4d5c750,80,light,True,True,18:00,True,2026-07-21T17:36:54.868Z
0608bfce-b153-4d26-b522-745860f486dc,4dc7d8c1-d64e-4194-90be-867241435c04,80,light,True,True,18:00,True,2026-07-21T17:36:54.868Z
7fb9acb0-fedf-4832-9f4e-a2a2a60af1cf,ae1f7e62-1f05-4102-9e98-9b5bc540c2dc,80,light,True,True,18:00,True,2026-07-21T17:36:54.868Z
c725e591-cded-423a-b99d-99c70a3540fb,8ee2be52-480b-4aba-891b-5903f05d0fc4,80,light,True,True,18:00,True,2026-07-21T17:36:54.868Z
c8f38891-5458-4fe6-bcd3-718b3e04e765,9c747b6c-acd5-401d-b706-a462700da5df,80,light,True,True,18:00,True,2026-07-21T17:36:54.868Z
176fa9cf-3c4c-4620-8154-e7430a588a73,cf3f3d40-d272-4fbd-97f0-0c02eaf0dc2f,80,light,True,True,18:00,True,2026-07-21T17:36:54.868Z
8c2d0feb-a507-43f8-8040-12568540d92d,497e04b9-cf49-4c30-b13e-dbbe1b132538,80,light,True,True,18:00,True,2026-07-21T17:36:54.868Z
f9505244-62b3-449d-8b24-75e306e00c54,71eea84d-2a2c-49df-ba1a-f6c98c5ec9ae,80,light,True,True,18:00,True,2026-07-21T17:36:54.868Z
1021fd42-a44b-40a2-a678-da7a89333c6e,bf3af723-9581-442e-9224-abb65a3fca2f,80,light,True,True,18:00,True,2026-07-21T17:36:54.868Z
91dfe11d-8bec-4350-9d46-99540ff2d6a4,a438344b-487a-4930-8194-1c3ad6dfb2d9,80,light,True,True,18:00,True,2026-07-21T17:36:54.868Z
97990f46-25d9-4da4-af1c-a4c582d25632,84b951e8-5d47-4f3d-989b-0aab4d57e104,80,light,True,True,18:00,True,2026-07-21T17:36:54.868Z
594b4c22-5f2a-4660-8841-b5726b8a6cd6,108275a5-8ee9-472d-beec-806aea5a105d,80,light,True,True,18:00,True,2026-07-21T17:36:54.868Z
56941e3a-2c19-45c8-b33f-68239bc8b8ee,fa08c8d6-5f5d-4999-aac2-cf7e12a815b6,80,light,True,True,18:00,True,2026-07-21T17:36:54.868Z
48dc225a-c0d5-4f5e-a3db-069d7efccaa7,213994b9-5312-4a07-9f0e-c862673056eb,80,light,True,True,18:00,True,2026-07-21T17:36:54.868Z
33b81368-f187-46f6-a329-cad99fcf7436,51245d65-0dcc-4764-93e0-ec01060de6ca,80,light,True,True,18:00,True,2026-07-21T17:36:54.868Z
f21ceb1d-367c-40d7-821e-e28679be10d2,6d3c2358-3a6e-4ae7-97dc-690f58fa88b1,80,light,True,True,18:00,True,2026-07-21T17:36:54.868Z
92e4eb20-8b06-431d-acb7-b8982d18577c,0a2bcea2-f66f-4e84-9ea4-2d628ccc1c8c,80,light,True,True,18:00,True,2026-07-21T17:36:54.868Z
5a206eb5-c3ef-4759-a7f9-071b040d20ea,2c642f55-f3ec-474f-a386-9eb9aea3430e,80,light,True,True,18:00,True,2026-07-21T17:36:54.868Z
900cc6b0-97ff-4a48-a64b-e95275275551,86fa7bf6-7d2e-447e-86b1-68402fcaca0a,80,light,True,True,18:00,True,2026-07-21T17:36:54.868Z
f1a4d3f7-8ce6-4bb6-8e42-ab2e77d710c2,fdbf3e59-969d-4b8a-ae18-5700b4ee6d0e,80,light,True,True,18:00,True,2026-07-21T17:36:54.868Z
c79ced2d-48a7-4602-bc91-46f43c424274,7e0083d4-f8ce-438c-92b2-9cdb4b7265e2,80,light,True,True,18:00,True,2026-07-21T17:36:54.868Z
6236db8b-8906-4618-9a5b-b4e41a385011,7d0b5137-8314-4906-8b1d-d93fd382fac1,80,light,True,True,18:00,True,2026-07-21T17:36:54.868Z
72346ffb-4715-43da-a900-e20ff00598d7,d8e1de05-fcf2-4997-8270-e977d95d090f,80,light,True,True,18:00,True,2026-07-21T17:36:54.868Z
0c3991a4-d4a0-43fa-99a9-175c51b74c7a,5aa154ec-c64f-4b3b-9beb-9fc0b5b4e839,80,light,True,True,18:00,True,2026-07-21T17:36:54.868Z
2739d521-03c4-438b-a3e8-4c3df2cfddb1,930a6103-f4af-4f8a-8162-7a3f26a5a90f,80,light,True,True,18:00,True,2026-07-21T17:36:54.868Z
126860e6-3cac-498c-a676-842d2807f36d,e916ebaf-9fb2-4464-b6a8-96600864c82d,80,light,True,True,18:00,True,2026-07-21T17:36:54.868Z
8e7fbbcd-e285-47fb-ba55-bed8d79ade90,5450206d-4c75-418c-8d3d-0a562d1642d8,80,light,True,True,18:00,True,2026-07-21T17:36:54.868Z
1198b738-d68b-453b-8555-f3d27965d5c2,6bb3c563-99c4-4bbe-a041-e94a2fc9a941,80,light,True,True,18:00,True,2026-07-21T17:36:54.868Z
fd22bde0-de77-4ff2-a61f-6c0fb9e4b3de,d6e69bc2-5e72-47a1-b8d0-2f66ee0054d8,80,light,True,True,18:00,True,2026-07-21T17:36:54.868Z
72e9df8c-fc1c-4c82-b4f7-f676e3f0933e,9dd7f597-e650-4c58-930e-e5a71df288b0,80,light,True,True,18:00,True,2026-07-21T17:36:54.868Z
87c9964f-90e4-4afa-bd1f-0a0d5ddadd85,cb4faa10-c033-4ebc-9284-f2721a2d9d3f,80,light,True,True,18:00,True,2026-07-21T17:36:54.868Z
b994bdeb-a549-4fd0-9a77-e250816abb86,3b541972-8ee4-4c76-811a-4242adaffde1,80,light,True,True,18:00,True,2026-07-21T17:36:54.868Z
3d08493a-d1c1-4c6f-b330-0a9342340ca5,e28463c3-da93-4573-a39e-50694006327a,80,light,True,True,18:00,True,2026-07-21T17:36:54.868Z
ff6745fc-634b-431c-b6f4-e7d17696e85c,06dd7eb7-48b8-4757-ab3d-e0738d0e2611,80,light,True,True,18:00,True,2026-07-21T17:36:54.868Z
6a567657-b0b4-4e3c-9f45-9221e8deb832,f0ddff1c-2f6e-4ffa-8e9b-bf30501fad82,80,light,True,True,18:00,True,2026-07-21T17:36:54.868Z
86d96913-c915-4829-aff6-f38dd5e54dc7,9c077b23-be42-4fc9-b53f-7748c22a872c,80,light,True,True,18:00,True,2026-07-21T17:36:54.868Z
c7530f78-75ba-4872-bd4a-86a51228a95a,4ce34066-829b-4ac0-8e5e-51492cb8db09,80,light,True,True,18:00,True,2026-07-21T17:36:54.868Z
dc9d4bd1-a6b1-4c0d-aeac-f35081da0d10,539cdc4d-60b8-4707-a209-243191667b20,80,light,True,True,18:00,True,2026-07-21T17:36:54.868Z
9539f3cf-5258-4878-b0d3-db82f80ca0b1,4dbda141-ff9a-4ff8-b450-8ce90999fd0b,80,light,True,True,18:00,True,2026-07-21T17:36:54.868Z
64a9b655-becd-4e2b-a669-3d4e1b867b1b,4b716a0f-f6a2-4668-9f62-8ee3149e516d,80,light,True,True,18:00,True,2026-07-21T17:36:54.868Z
edb9cc1d-160c-4911-8bc6-d9f344582f8a,fea19571-2b7f-47b7-8c00-354258f35057,80,light,True,True,18:00,True,2026-07-21T17:36:54.868Z
07fc7438-ad78-4c75-94f0-5d7366f26ef4,55543c14-8dd6-4dc0-8e47-264ffc1265bb,80,light,True,True,18:00,True,2026-07-21T17:36:54.868Z
c8dd231f-c355-4d0d-b07e-7a3231110d97,000be7f2-2e0a-4a3d-92f6-b287716c3dd2,80,light,True,True,18:00,True,2026-07-21T17:36:54.868Z
7b44064b-42b6-4e26-87cf-911a7c4d277e,245d2207-f002-4120-9fd3-43dd24ac169f,80,light,True,True,18:00,True,2026-07-21T17:36:54.868Z
24857bde-38ba-4dd6-b302-6d7e9d70f790,4979fbcf-0efc-493d-b824-8f72edd40899,80,light,True,True,18:00,True,2026-07-21T17:36:54.868Z
622bad9e-70fb-4db8-9ce6-13da2eb19cae,29cef73a-ed65-440f-9082-faafee015c99,80,light,True,True,18:00,True,2026-07-21T17:36:54.868Z
7c00d58f-27d4-4e82-9dbb-8272662d3707,3cbc4450-4a7b-4280-ba07-04c098b932e7,80,light,True,True,18:00,True,2026-07-21T17:36:54.868Z
3b2896ec-1ddc-49c7-8626-61256e1b027d,7c62113c-897a-4a56-8dd5-af84ecf22dc0,80,light,True,True,18:00,True,2026-07-21T17:36:54.868Z
1bf8aac7-d156-491d-b92d-a383afe94d4f,482287d8-eb50-478b-993a-2029fedd20f8,80,light,True,True,18:00,True,2026-07-21T17:36:54.868Z
7c93e69c-f024-4cf9-8aab-19ca3be9e451,f896b4e5-5137-450d-ae9e-45b161a7f277,80,light,True,True,18:00,True,2026-07-21T17:36:54.868Z
4cb9f4bd-962d-408c-9cd3-37dc49ee94ba,8b5443ff-18cc-4caa-bdd2-cd249cb7ac7b,80,light,True,True,18:00,True,2026-07-21T17:36:54.868Z
6ba18d54-c8ef-4a66-bab4-f6002dbe94e0,e5894e85-0fba-41a6-8331-f5fc37b065f4,80,light,True,True,18:00,True,2026-07-21T17:36:54.868Z
af7d8e53-91b4-45d6-b65a-ca626fca8b1a,d29917e8-d14b-4263-bb26-3492bd953bad,80,light,True,True,18:00,True,2026-07-21T17:36:54.868Z
5a9e3370-b7fa-4746-815f-2529e9ac7aec,f364fd56-d93e-477e-8ea4-1f81e9fd1d8b,80,light,True,True,18:00,True,2026-07-21T17:36:54.868Z
5d05e1b3-7d9f-4df8-8824-f3495524cd8a,51dfaffe-f05e-4b64-8972-ae307b9a47a2,80,light,True,True,18:00,True,2026-07-21T17:36:54.868Z
195c9e6d-bc6d-4513-a6c3-6bbaf81df4d9,671068a8-ed03-453c-81a5-db55b1fb6f12,80,light,True,True,18:00,True,2026-07-21T17:36:54.868Z
1304847b-03ce-4578-8c98-262052c89128,b786747a-0389-451d-bfc9-77cb916c7e60,80,light,True,True,18:00,True,2026-07-21T17:36:54.868Z
d7ebfdaa-e233-41df-8aa7-d35d65b8cdd9,6168bd8a-dd33-4364-b950-19645cd5de5c,80,light,True,True,18:00,True,2026-07-21T17:36:54.868Z
fdadd8b7-ccc9-417e-b583-e9101e76e950,082cfbdc-69ce-4a3d-8810-ab88a71018f4,80,light,True,True,18:00,True,2026-07-21T17:36:54.868Z
2036197a-5780-4af1-a3ee-96b173588ae3,5893b6cf-8020-4280-abbf-991f67060c35,80,light,True,True,18:00,True,2026-07-21T17:36:54.868Z
44b817f2-3167-477b-a7fa-243317ad1e05,0a3de5d2-9721-4985-bbd1-dfbe04e92773,80,light,True,True,18:00,True,2026-07-21T17:36:54.868Z
9a892339-fb86-4eef-883f-5fc70002099a,30cec448-c7be-4781-b068-8ab412ec41cf,80,light,True,True,18:00,True,2026-07-21T17:36:54.868Z
f1738049-059c-4cee-9667-706e04b6882c,346eb6b0-ec0b-4442-a393-2b37a3ad6447,80,light,True,True,18:00,True,2026-07-21T17:36:54.868Z
eb049c08-594e-4d3f-8150-4bbf1e4d8eba,a0bf8f6c-46d4-4888-9f0d-9c858cc2538c,80,light,True,True,18:00,True,2026-07-21T17:36:54.868Z
1299ccd8-035e-4b86-8b9d-ab36ba2f1fb6,3b4c3784-a51e-4b07-b19b-bcad44da22a1,80,light,True,True,18:00,True,2026-07-21T17:36:54.868Z
d14b2785-c8ab-4f22-a622-116913d939ff,0b6115a4-4a8b-4ba1-bb75-4746cbf5ef31,80,light,True,True,18:00,True,2026-07-21T17:36:54.868Z
45d4b71b-8b79-4c57-8b3c-d0de1bec465b,ae28e9f3-d2f9-40ca-89f2-969c33697415,80,light,True,True,18:00,True,2026-07-21T17:36:54.868Z
4e52c26e-f5dd-4498-8d9f-577148a67e54,0ba41d66-9819-4389-baa4-fae7877a66e4,80,light,True,True,18:00,True,2026-07-21T17:36:54.868Z
6f4d00c4-2c7a-4e61-bf82-b6cd0d3b267b,47629830-f742-43e0-af6a-8a2d2437c9e8,80,light,True,True,18:00,True,2026-07-21T17:36:54.868Z
9e760585-3d81-48ba-9594-6b59985dbb87,de81be90-afe6-46de-b0ed-220a9a6a72dc,80,light,True,True,18:00,True,2026-07-21T17:36:54.868Z
8f2cc001-0a3f-4275-83c2-36b07d06ff5b,3046d541-853b-4dd4-b7ab-1e9b0f772025,80,light,True,True,18:00,True,2026-07-21T17:36:54.868Z
9f2ba069-2b0d-4dd6-91b3-941af9cf09d5,24477dfa-a803-4bb5-a845-8e0409a4796e,80,light,True,True,18:00,True,2026-07-21T17:36:54.868Z
e0351b1d-338b-4930-93d8-980a49d8b2a3,1a5ed13d-8a4f-43e0-b5e3-024f3a45347b,80,light,True,True,18:00,True,2026-07-21T17:36:54.868Z
f6ca0d93-48bc-41fa-af3a-8b5a9eeaa92e,7f50d27c-108d-49b7-9ec4-d73f3ddf4872,80,light,True,True,18:00,True,2026-07-21T17:36:54.868Z
e4a2dbd7-a813-453b-8564-5386c76399ac,4366d051-30e7-40d9-bc8b-cd7db1d5f39d,80,light,True,True,18:00,True,2026-07-21T17:36:54.868Z
ba560470-f71b-4f81-b264-372311f033a8,815e7808-6a55-42b9-bc80-973c1bff6ae4,80,light,True,True,18:00,True,2026-07-21T17:36:54.868Z
72e14871-acea-40f2-ba27-2d9694397fe7,2d1edcec-c0e8-42ed-87a5-75b904c42757,80,light,True,True,18:00,True,2026-07-21T17:36:54.868Z
a0202fc5-4f7c-48aa-9c18-05f6ec2d353e,ab0f6ec5-ef72-45b5-b4e5-d85e0dd68f59,80,light,True,True,18:00,True,2026-07-21T17:36:54.868Z
570c6e77-8e9e-4a70-ab25-e2573bea7216,f23e7718-d204-46aa-a3dc-36380d36014c,80,light,True,True,18:00,True,2026-07-21T17:36:54.868Z
c3ab83ef-d159-473e-aff5-0ceba57be2ee,41147350-fe5f-4c3b-be75-d5f0ea47d917,80,light,True,True,18:00,True,2026-07-21T17:36:54.868Z
106ef367-5a29-420c-b2dc-4cc90f635daa,76039088-6927-4bc2-b93a-444e7a0ddee3,80,light,True,True,18:00,True,2026-07-21T17:36:54.868Z
933bc7a7-9ed4-4080-a310-b0e17789385c,57dbe833-55b2-4063-beba-49255f386945,80,light,True,True,18:00,True,2026-07-21T17:36:54.868Z
5746d2a2-e7ba-4e50-944f-c84911c97502,d280c69f-a640-4a7e-a61d-57776f99d5e4,80,light,True,True,18:00,True,2026-07-21T17:36:54.868Z
58969d75-fa4a-422d-bdde-075a54d3d540,66f20bbd-34d4-4829-b2b7-e47ec8af7d60,80,light,True,True,18:00,True,2026-07-21T17:36:54.868Z
a5359e1d-1591-4129-994c-f110ac0666e5,22d7fdcb-5c77-43eb-b8f5-1f18bf665db2,80,light,True,True,18:00,True,2026-07-21T17:36:54.868Z
15b78d14-1880-4086-bbbc-1041a1b5aba2,d93e3596-bfe0-4825-9ae8-ee0043b66a73,80,light,True,True,18:00,True,2026-07-21T17:36:54.868Z
76dfa730-206a-4de0-8395-d75d7c85d4b7,a40482d8-718a-4f17-b043-4d29b5557b84,80,light,True,True,18:00,True,2026-07-21T17:36:54.868Z
a374bd9e-07b6-44c8-8eab-545c84ba23b2,fcc718af-8bad-4bdf-9155-0f62a8690a44,80,light,True,True,18:00,True,2026-07-21T17:36:54.868Z
81395dc1-cd77-47c9-bff5-6671b9625a05,21ff8926-cbeb-4111-98c7-aa97c532abaf,80,light,True,True,18:00,True,2026-07-21T17:36:54.868Z
c6d8f4c3-79cc-4cf1-aa48-101ca920c270,bb48577e-c426-4916-b1e6-b6e8e187c952,80,light,True,True,18:00,True,2026-07-21T17:36:54.868Z
85e39a64-9ec1-4563-b140-9d0040d5124e,506c6288-508a-445d-bbef-15c7fffe71fd,80,light,True,True,18:00,True,2026-07-21T17:36:54.868Z
5bbfd840-0e5b-4e4f-869d-a2a83296543d,07a27d4b-ce19-41d6-a888-f09529ba0da4,80,light,True,True,18:00,True,2026-07-21T17:36:54.868Z
c6f9fb3f-ce99-4b19-9310-ea7aee2ccdf7,3996f831-259e-4613-aab1-b314a78bf24a,80,light,True,True,18:00,True,2026-07-21T17:36:54.868Z
385ab4ca-ab9f-4ce4-b38e-a31df661177a,95cf4a72-5050-4ca6-b8b1-d871b04c53f3,80,light,True,True,18:00,True,2026-07-21T17:36:54.868Z
f792ba6d-95f9-4c62-8b31-25c6cf87cc6d,d814b922-c16d-4183-b410-111d81a79e5f,80,light,True,True,18:00,True,2026-07-21T17:36:54.868Z
6c5585e4-c089-4100-8898-e80a5d6dfda0,116a978b-d155-4996-975a-b349fc05e6f6,80,light,True,True,18:00,True,2026-07-21T17:36:54.868Z
22838e7c-a1ef-451a-98e2-86e32b97a823,a73ef8a0-25f9-4bfb-b2de-2f1ce5efe67e,80,light,True,True,18:00,True,2026-07-21T17:36:54.868Z
a77af3b5-11e5-4ea6-b9be-4daf21cdcc27,90ca8ef3-78ce-447e-be0a-b027daf9b8fd,80,light,True,True,18:00,True,2026-07-21T17:36:54.868Z
38260ee2-05c3-479b-965d-b0adce6a3fa9,0f2ec5b7-c460-4d07-97f9-1eb4651aaba9,80,light,True,True,18:00,True,2026-07-21T17:36:54.868Z
cb365bb9-7e4b-43c8-a7d5-335cb064beb3,d5a6d8c0-a2c4-457a-98b7-f57edb20cea0,80,light,True,True,18:00,True,2026-07-21T17:36:54.868Z
52a44016-e8a3-4ed8-85c2-e32edbf23215,29a79cfc-8c60-4bd5-ad7b-ae9c42ec496e,80,light,True,True,18:00,True,2026-07-21T17:36:54.868Z
e293fcc9-5762-4765-b8a1-1086a6cb8e68,53aa9c71-a2dc-4a51-a8c0-b2fe33ff42c6,80,light,True,True,18:00,True,2026-07-21T17:36:54.868Z
d4afbef7-96cc-432e-87e2-f4187eb18717,bf461532-9ad8-4384-8d54-7a0d0b7f53ba,80,light,True,True,18:00,True,2026-07-21T17:36:54.868Z
9b6c54be-55c3-43ec-ab8c-156ad7ee66f6,fd55c6d0-7627-4885-bf65-f966ee84eddd,80,light,True,True,18:00,True,2026-07-21T17:36:54.868Z
97f86f9d-cfcb-45a0-8f60-cecae3fbddde,5d5c04b4-7a5c-4ec4-9fea-8350fe8040bb,80,light,True,True,18:00,True,2026-07-21T17:36:54.868Z
d78a8aa3-549e-41b8-ac9d-0e0df73a9947,98d01092-0e2d-41c6-b08e-9f44fbd52f3f,80,light,True,True,18:00,True,2026-07-21T17:36:54.868Z
8e649143-a1a3-4b7e-97aa-8750643ce2c9,13596c2f-dfaa-4f14-9d7e-8ddf65798166,80,light,True,True,18:00,True,2026-07-21T17:36:54.868Z
4a68606e-d58b-47bc-b450-d38544192192,f5462b61-ed35-4389-bd18-c0ef34aa33c2,80,light,True,True,18:00,True,2026-07-21T17:36:54.868Z
0f6829fa-edd9-4c89-96b9-d78b7b997c87,14baf026-2be3-4262-a227-bac322f25347,80,light,True,True,18:00,True,2026-07-21T17:36:54.868Z
df45ad7d-1898-4b22-bb70-6c96cec6c98f,286846db-7edb-4c43-a46d-6b4c2bc509e7,80,light,True,True,18:00,True,2026-07-21T17:36:54.868Z
432d2096-aa7a-48f1-bfe2-6515e428a1c6,88a5553e-b0d4-4021-8641-c1d8b47b2152,80,light,True,True,18:00,True,2026-07-21T17:36:54.868Z
8e91c15a-07a2-454f-a304-c0ae14c8f0d7,3134c6f1-9330-4653-b2a4-bf0c74462320,80,light,True,True,18:00,True,2026-07-21T17:36:54.868Z
a13f4be6-a816-40a4-adcc-caf7e47d6e10,ea223b0f-b8e3-43cf-9417-c763dd4083da,80,light,True,True,18:00,True,2026-07-21T17:36:54.868Z
acddae89-f30e-460c-a241-debf49446152,8e8c3d12-9005-473a-a752-cf58d7a9880f,80,light,True,True,18:00,True,2026-07-21T17:36:54.868Z
d0cf5996-0e1d-4523-b6c8-0e227f1fcec8,3c115fbe-643e-45be-a478-20d577875c75,80,light,True,True,18:00,True,2026-07-21T17:36:54.868Z
c0c97d3c-0c83-4c1c-ac04-c429726d848d,31953cc3-e0c2-4740-b9d8-29753c3b60a6,80,light,True,True,18:00,True,2026-07-21T17:36:54.868Z
d155f956-3d74-4864-a000-9294541bfc2b,62ec6d9b-8a8e-4f02-aaea-160475eb83dd,80,light,True,True,18:00,True,2026-07-21T17:36:54.868Z
e043ca1d-93f6-4c04-a661-e6c8df757095,278adb0f-d5e0-4014-a38e-6a9509e79dbf,80,light,True,True,18:00,True,2026-07-21T17:36:54.868Z
ecd6cf99-525f-4db7-bf2f-a2ba82729ab8,3bbbba0b-9b1d-459e-90bb-18ce2a2f1897,80,light,True,True,18:00,True,2026-07-21T17:36:54.868Z
1f53828b-2204-4a8a-992b-1d601a077d45,725d53ee-d0f1-4c26-acbb-a17be909fc96,80,light,True,True,18:00,True,2026-07-21T17:36:54.868Z
9c573fdc-976d-4e22-aece-ed0013caeee2,da16b540-91b7-46cc-8cbe-7f20dd7340fc,80,light,True,True,18:00,True,2026-07-21T17:36:54.868Z
9399ba10-f56a-4fe0-87d5-bbe3d6f2057a,a1199518-a7cb-4308-947d-d71b2b36bbdc,80,light,True,True,18:00,True,2026-07-21T17:36:54.868Z
2d1e862e-954d-42ed-933a-6b7dc341d5b2,cefaac6c-23f6-4ac9-a66a-1cf6c543d1a2,80,light,True,True,18:00,True,2026-07-21T17:36:54.868Z
2207bda6-e0a7-42f6-9689-cf7acda40f08,e5a5bb11-90ff-4a01-968a-8bc951cf180b,80,light,True,True,18:00,True,2026-07-21T17:36:54.868Z
2cd56684-0a57-4279-9462-3e87562aa99e,bdfb3e4b-a87e-4ca0-899f-a217516e7497,80,light,True,True,18:00,True,2026-07-21T17:36:54.868Z
f12fc6aa-69ce-491e-b3d7-23b82411a2aa,7efd0df1-0773-4268-b25a-fc4005d6100d,80,light,True,True,18:00,True,2026-07-21T17:36:54.868Z
8b673ca1-121a-46ed-80fd-0261839f8553,7af0f63d-d11f-4cdd-814b-e2aa28e02562,80,light,True,True,18:00,True,2026-07-21T17:36:54.868Z
5824eb20-bf99-46bb-bd9b-60b0eb7f7b67,802e4215-b180-4a50-a3ba-4bff0f9bbe0f,80,light,True,True,18:00,True,2026-07-21T17:36:54.868Z
d7b2c92c-30cb-4e2d-b616-488316a8471d,270d642b-896d-464e-a6c1-466e9b9ce00c,80,light,True,True,18:00,True,2026-07-21T17:36:54.868Z
b0a6da94-db3f-42fd-af5a-fccb1bd906b3,e6625671-b248-44cc-b6b4-d4bded86e523,80,light,True,True,18:00,True,2026-07-21T17:36:54.868Z
0da444d6-91fa-4108-8a7a-042aa2c7a21b,3e5e6afa-2f12-4ee3-b26c-6739841aa462,80,light,True,True,18:00,True,2026-07-21T17:36:54.868Z
bac2667a-b3c9-4eca-8602-029c5e4b0853,15e7feea-99f4-4c00-a94b-50fa51e99de3,80,light,True,True,18:00,True,2026-07-21T17:36:54.868Z
5797ba2d-5441-41d0-b9ea-3f2742706fce,eab47448-1a57-4649-82c0-596634f9f2d0,80,light,True,True,18:00,True,2026-07-21T17:36:54.868Z
7894e134-2417-445f-85ae-b1e5381fc314,362792c1-7d8b-4164-88b7-c3319010998b,80,light,True,True,18:00,True,2026-07-21T17:36:54.868Z
1ac07800-48f8-4228-b683-d5e112729858,3c4255f8-81ce-4fc6-a8b5-b0ea3abc63b9,80,light,True,True,18:00,True,2026-07-21T17:36:54.868Z
a54e9a6f-822f-4cbb-a378-69d2790e2191,9e5eb1b4-4ff3-4049-a187-3025fe73f180,80,light,True,True,18:00,True,2026-07-21T17:36:54.868Z
dee77cb0-ba7b-4ddc-9b02-d5bae2044a72,d141221d-83a9-4b0d-85bf-b498c6fd45ab,80,light,True,True,18:00,True,2026-07-21T17:36:54.868Z
3902fcde-16dd-48ca-a3fd-cfb6b7146890,69aa5717-5572-4d4c-9565-8111922ecfc9,80,light,True,True,18:00,True,2026-07-21T17:36:54.868Z
38914734-2912-4ac3-a43c-4fa3a3131e7a,18e2cc98-5515-4fa3-be79-3293c719878a,80,light,True,True,18:00,True,2026-07-21T17:36:54.868Z
b04dc562-a382-460a-861e-433784d1108f,4233a05e-8d52-4449-86d7-076918e7d071,80,light,True,True,18:00,True,2026-07-21T17:36:54.868Z
7f987ff4-b214-4a6c-8775-8922306ff6cc,f4fdd35d-e8e8-4927-afb6-9dbbebaa4c8e,80,light,True,True,18:00,True,2026-07-21T17:36:54.868Z
fc2c8d00-6c8a-44ef-9717-8cca3741b7e8,abccb069-60ed-4424-9437-b54e7f462c55,80,light,True,True,18:00,True,2026-07-21T17:36:54.868Z
c39aba92-b75d-4bc1-866b-19aca7aabe34,f0c76964-48ba-4b45-bcc8-dab90169cf53,80,light,True,True,18:00,True,2026-07-21T17:36:54.868Z
36d651ce-1db1-4211-8b89-8d54a63188cf,d44ed0e9-e7aa-4f7c-ae27-f89e273aeced,80,light,True,True,18:00,True,2026-07-21T17:36:54.868Z
8bd79fc5-60ba-4bbc-aa18-7b5d3a1299af,8715f813-8a00-4df1-a543-05aaa9a3a643,80,light,True,True,18:00,True,2026-07-21T17:36:54.868Z
f4c4db75-710e-4c54-b091-1be96c36e1e0,c15d1e6b-8da2-45a4-9ae8-24fdb4c66d23,80,light,True,True,18:00,True,2026-07-21T17:36:54.868Z
79a60c6c-2a3b-4c3b-9b9d-db4c614cf33c,667617be-5694-4de8-b6ed-5cc1cfac6c65,80,light,True,True,18:00,True,2026-07-21T17:36:54.868Z
84135100-d644-4648-8124-cf870787b405,5bac5650-6586-46b8-939a-e45bb63b5e7a,80,light,True,True,18:00,True,2026-07-21T17:36:54.868Z
4181b06e-59bd-4033-8396-54e0488b38c3,c9747aa8-dc51-476c-b29a-b8b26b18e146,80,light,True,True,18:00,True,2026-07-21T17:36:54.868Z
2b337ecf-49e9-4096-b93a-527b5ef1530f,316660bc-017c-4466-985d-c3087a23fc37,80,light,True,True,18:00,True,2026-07-21T17:36:54.868Z
b14b248d-ca95-4dbc-adc5-9f1e5b1083fc,6a4c539f-e305-4f5e-b425-11084a10ca1a,80,light,True,True,18:00,True,2026-07-21T17:36:54.868Z
695e6878-e4f1-4615-a41e-a3b7576fb0ab,c63c8c6e-f61b-4eb1-9e2b-41e2f65d6d7f,80,light,True,True,18:00,True,2026-07-21T17:36:54.868Z
c89c4b35-879b-4091-8f87-1cba2036446a,1ef15efc-fb86-4628-97f9-45e11f99f505,80,light,True,True,18:00,True,2026-07-21T17:36:54.868Z
49d7f131-b58d-4f88-85be-f448dfd067aa,8bae50b7-574f-4a2f-840f-79d8ed48ec35,80,light,True,True,18:00,True,2026-07-21T17:36:54.868Z
dc016ea8-b561-4d5f-894b-1a9bfce8b741,2389c859-05fa-4f9b-bf05-53ff1416d159,80,light,True,True,18:00,True,2026-07-21T17:36:54.868Z
f76a3ec8-4bdd-4266-8fa1-f9ffe14f0d19,26d54888-c65e-4486-a27b-d58879121224,80,light,True,True,18:00,True,2026-07-21T17:36:54.868Z
ad8dd288-ec8e-4d31-a338-61a9d878bccc,c1510096-e14e-4060-9b9b-ea6e73ee9f88,80,light,True,True,18:00,True,2026-07-21T17:36:54.868Z
0a25b117-5f45-43ea-a476-3c5e37b077f0,ca760e31-b997-4e9f-8f47-85f21853845a,80,light,True,True,18:00,True,2026-07-21T17:36:54.868Z
f9e083fd-0e4b-4464-974a-9ec93b428cd7,eb13975d-5103-4525-9b39-02ed88111333,80,light,True,True,18:00,True,2026-07-21T17:36:54.868Z
4152434f-79af-42e0-a36a-1c0a4cd6f849,77d11788-8f81-42c0-9d81-8ab7ab31405e,80,light,True,True,18:00,True,2026-07-21T17:36:54.868Z
ba90bf5d-822f-4099-ba0b-ab6658f19e79,598119a9-c352-41c7-9866-314b42cd5015,80,light,True,True,18:00,True,2026-07-21T17:36:54.868Z
0ac951f1-0e6a-43e3-9da4-df22c30d641e,cd32bf1f-8f2f-437f-80d9-be037b7f1d60,80,light,True,True,18:00,True,2026-07-21T17:36:54.868Z
09895b46-7f74-472f-bb5d-effc5496bfaf,953ea79a-507b-4296-afb8-43d21e514486,80,light,True,True,18:00,True,2026-07-21T17:36:54.868Z
d0e340a3-ee54-4b2b-a9f0-77f0317f3136,07392a97-e6ad-47c7-a033-5019aca41226,80,light,True,True,18:00,True,2026-07-21T17:36:54.868Z
4e80c3ce-4f7c-4c24-9f02-f459a955889e,8f3fbedc-162f-468e-bb80-485d22427810,80,light,True,True,18:00,True,2026-07-21T17:36:54.868Z
61f9960d-94b9-4564-a031-97d2304e91ae,505ccded-20da-4a5b-a37c-911b342ec4ab,80,light,True,True,18:00,True,2026-07-21T17:36:54.868Z
164dc399-25c8-4130-85b7-0e3155879fb2,5d7d1e2a-6fb0-441a-b999-b7a0642cb2d9,80,light,True,True,18:00,True,2026-07-21T17:36:54.868Z
130be32f-f4d6-44cb-b2e4-1820b3f54e5b,16524dfc-5a6c-4517-b717-4406cb981395,80,light,True,True,18:00,True,2026-07-21T17:36:54.868Z
8a73cc77-6954-4cc6-96d5-aa42ebff9a8a,527295f2-dfcd-4228-b422-ef671d3c36cc,80,light,True,True,18:00,True,2026-07-21T17:36:54.868Z
169d8038-0b91-4818-9762-4ad5c1c859ea,5395210a-487b-4422-8a3c-7dab92db2c18,80,light,True,True,18:00,True,2026-07-21T17:36:54.868Z
e2fc1909-73e0-4c46-8d0c-529fe4242144,2188caf4-ef08-42b8-b78f-3a4dd42f8ac1,80,light,True,True,18:00,True,2026-07-21T17:36:54.868Z
f1d5d080-6131-4310-974e-b3571024a617,c6c4f874-1c9e-4ff8-9d1a-a3c806e10c38,80,light,True,True,18:00,True,2026-07-21T17:36:54.868Z
0781ed9f-07c0-49c2-9dc7-ba1ab609bd3b,84f7102b-8a0e-4c41-bcb5-eedb06223b2f,80,light,True,True,18:00,True,2026-07-21T17:36:54.868Z
74d7fc04-29ce-4ff5-94c9-fa1f4a66515f,c178e301-43fe-4c6c-a062-53c0015468ea,80,light,True,True,18:00,True,2026-07-21T17:36:54.868Z
b8e5463b-4ae5-40c1-a034-1a6b634d6eeb,18e97cbe-d18f-4761-af1d-b88bf036b0cd,80,light,True,True,18:00,True,2026-07-21T17:36:54.868Z
8c6f8b82-0f11-4fbd-9cd7-b59107a4c34a,4c58eb87-1928-4e91-ba85-bcdde5cac5b4,80,light,True,True,18:00,True,2026-07-21T17:36:54.868Z
5716e3ac-1d0c-4200-8a3e-7914d423a018,0c5f7d69-45bc-4152-889c-adc3c8603411,80,light,True,True,18:00,True,2026-07-21T17:36:54.868Z
c5d71d48-be32-421c-b3ee-5252785b1ede,1f9e0523-e8de-4d66-b1cd-17d584f22813,80,light,True,True,18:00,True,2026-07-21T17:36:54.868Z
1c0a9821-d9aa-4d83-a508-d49c440ef794,df0d29a1-9524-4d73-8bca-630e2775b067,80,light,True,True,18:00,True,2026-07-21T17:36:54.868Z
aa190396-0a16-4dae-8e6d-d7be87050e1a,3c09e376-8f9a-492b-8bbf-52b677ed7326,80,light,True,True,18:00,True,2026-07-21T17:36:54.868Z
2f20aac6-99b3-4d9c-863b-6a854009f8f7,dc11d5cf-e615-4117-85f8-1dfe49f865ae,80,light,True,True,18:00,True,2026-07-21T17:36:54.868Z
24b84290-cb86-4e3b-8f7c-3fa0cce5a2a1,f151c70a-8a2a-4617-83aa-70925d4ab7f4,80,light,True,True,18:00,True,2026-07-21T17:36:54.868Z
51bbd239-43ea-47ff-b577-ff95b71fbe46,e1f1c612-461c-49c0-a1d6-f362304ba1b8,80,light,True,True,18:00,True,2026-07-21T17:36:54.868Z
df3ad1b4-b085-46de-b546-39ccabd7e2af,03607b99-7825-474d-9d44-51c2d2cd7dd5,80,light,True,True,18:00,True,2026-07-21T17:36:54.868Z
dd857f6f-0bea-4f11-bd5d-5e1122f7fd60,63472ba5-9efa-49f2-9468-2b8ab1868d79,80,light,True,True,18:00,True,2026-07-21T17:36:54.868Z
f52f44a4-26ac-4a08-a976-883ec9e418d9,9ccd7001-18c4-42a3-9d29-b383bab46bac,80,light,True,True,18:00,True,2026-07-21T17:36:54.868Z
c43a0810-cfb4-4d1c-bc39-820d81b35062,a28517ad-7dba-421e-b104-234a754e62d6,80,light,True,True,18:00,True,2026-07-21T17:36:54.868Z
2c5af11f-93ec-42dc-846e-36b729b58163,03d3a2f3-949b-4ab5-804e-03442c21a5dc,80,light,True,True,18:00,True,2026-07-21T17:36:54.868Z
51e129bc-c297-4c11-9698-1efac3e7205f,3a4ecba6-8435-4c48-9567-f9dd2d083999,80,light,True,True,18:00,True,2026-07-21T17:36:54.868Z
7a08f457-333e-4627-88ab-90fe20653215,64f096bf-0b89-40f2-ab2b-0c70069f926e,80,light,True,True,18:00,True,2026-07-21T17:36:54.868Z
238bb096-4498-4303-a798-6d9afe3e3a21,3427227f-eb27-4201-85c9-3936a71e146c,80,light,True,True,18:00,True,2026-07-21T17:36:54.868Z
0d04afdf-9138-4c25-85a0-340b398e78c3,e1e74f16-2fd5-4ff5-9d86-1a5e3d510bb3,80,light,True,True,18:00,True,2026-07-21T17:36:54.868Z
17d3d1d7-c807-4038-b903-989ba7f76544,9de30c7e-ae61-468b-acc7-b189a94159de,80,light,True,True,18:00,True,2026-07-21T17:36:54.868Z
10a27f84-ed70-4dd6-9e9f-01e0c0b17076,a07f66b4-82fc-411d-9991-63470830dc32,80,light,True,True,18:00,True,2026-07-21T17:36:54.868Z
e1ccf452-20f6-4ffe-8a01-f7db1599f771,5fe3be06-761d-433a-8241-e6e7c37b19ca,80,light,True,True,18:00,True,2026-07-21T17:36:54.868Z
b3315bad-a6a9-4c21-86b5-9f430fe04b3c,082abcdf-8ad4-45af-a49b-7727fb72674f,80,light,True,True,18:00,True,2026-07-21T17:36:54.868Z
9624da71-8e2f-4c98-9319-8ae3d26b1481,be418b17-c490-4815-8c93-33b3c8bcd73e,80,light,True,True,18:00,True,2026-07-21T17:36:54.868Z
bde997a7-be03-4dcc-adee-4aa340da26bc,21148cf5-331d-47b8-b5af-8ba285f9476a,80,light,True,True,18:00,True,2026-07-21T17:36:54.868Z
6f83672d-3e4b-4962-8237-9ee41b266991,c7b6a185-41b9-49d3-9e85-c34c050b021e,80,light,True,True,18:00,True,2026-07-21T17:36:54.868Z
2e80ac62-0ad3-4581-a4ba-0c1c190ade8b,1f10251f-f43a-40aa-b726-0edc91ffbb6c,80,light,True,True,18:00,True,2026-07-21T17:36:54.868Z
f0fa348e-137b-4d33-9cef-4c14cb0047c7,daeeb797-d204-4ca9-a29f-d49bebef55d2,80,light,True,True,18:00,True,2026-07-21T17:36:54.868Z
42114a24-2c47-4fbf-a7ac-c1d18bf1f387,3b334446-f2c7-433c-b9b3-e4ce2cc8ce0b,80,light,True,True,18:00,True,2026-07-21T17:36:54.868Z
ed2f9136-2880-4edb-a815-2fdcce5787af,b0a8040c-b33f-49c8-8945-d18f8fc5e5f5,80,light,True,True,18:00,True,2026-07-21T17:36:54.868Z
9e066fd3-3e67-4fac-8718-989e3654395d,7372aba3-5344-4146-96b4-3821ba71901e,80,light,True,True,18:00,True,2026-07-21T17:36:54.868Z
5ba5e0f1-023c-4bf2-863d-27dd615a90c2,daeaeb2d-dc73-4b0c-a5cd-7009f7f38950,80,light,True,True,18:00,True,2026-07-21T17:36:54.868Z
9706d793-6328-4b73-828d-a20d50cf0698,ddda11e8-deec-4c63-8833-a509b6ace2a6,80,light,True,True,18:00,True,2026-07-21T17:36:54.868Z
47a0cc6a-d763-4898-b3eb-2bf2c25e884b,cb17935a-cebc-472a-8794-d982a5f6a067,80,light,True,True,18:00,True,2026-07-21T17:36:54.868Z
7793aa21-8c7e-4615-81dd-08424a052bd1,a8237d5f-34fb-484b-a2c7-0d4d29f8e28c,80,light,True,True,18:00,True,2026-07-21T17:36:54.868Z
dac64560-730c-48c7-96ee-1100e0775490,8d630057-b807-4d05-828f-1b9bf01f0168,80,light,True,True,18:00,True,2026-07-21T17:36:54.868Z
3c6ceb98-020e-4570-b04e-1fe85ddcfc53,f0fae890-9035-4e72-b01a-f7c5e8f968b1,80,light,True,True,18:00,True,2026-07-21T17:36:54.868Z
35928129-75aa-4ef1-b6e4-d5aadadb49c9,679eb12b-8606-4fe0-86c1-50f0c332a22a,80,light,True,True,18:00,True,2026-07-21T17:36:54.868Z
d62dbeed-7991-42f1-bd1c-535f19702a9a,81d3f7a3-85ad-4ef5-9fc3-1c80f58ecabc,80,light,True,True,18:00,True,2026-07-21T17:36:54.868Z
b8604159-c4b8-459f-81db-e90135c4b571,db343700-5260-4bb6-97eb-2659d179c95e,80,light,True,True,18:00,True,2026-07-21T17:36:54.868Z
b39f5c74-7333-4a43-bdfc-f7ccc0d01b21,a7f672c8-2575-485e-9879-fc6fbb1f9d74,80,light,True,True,18:00,True,2026-07-21T17:36:54.868Z
77ebc422-df5f-44e0-b3db-87a370b3f298,b1a84d0f-b63d-4849-90fc-a40465caffce,80,light,True,True,18:00,True,2026-07-21T17:36:54.868Z
e377924f-bdf3-4ca6-9f54-a0d007943679,37e5ef6c-07f9-44c0-98aa-1a583b2d1f3c,80,light,True,True,18:00,True,2026-07-21T17:36:54.868Z
6958dfed-ad06-4db9-9bed-4e420438ed06,021d2ec7-0c13-4031-9af8-80dc38d315b5,80,light,True,True,18:00,True,2026-07-21T17:36:54.868Z
597f07eb-be71-4dcf-a873-6086d3312862,21aa0c9c-7bfa-400a-b568-b85bf063a39a,80,light,True,True,18:00,True,2026-07-21T17:36:54.868Z
4e989601-b412-423f-a221-ead3de13694b,a8c2bc1e-87d9-4a8b-ac57-6fa46df2c45b,80,light,True,True,18:00,True,2026-07-21T17:36:54.868Z
fcaf764b-98b1-462c-ae09-ce936f76f87f,d6cf660c-a12d-43c3-a7b3-95ceffaa228f,80,light,True,True,18:00,True,2026-07-21T17:36:54.868Z
6ac15bd9-ef93-4c26-a709-56041b9b2881,13f28694-d972-41d8-b8aa-b039907ba838,80,light,True,True,18:00,True,2026-07-21T17:36:54.868Z
0917394e-9c50-4af9-bc93-7395397c4d1b,1435c975-b1c0-49df-8ba0-2a7f271b000a,80,light,True,True,18:00,True,2026-07-21T17:36:54.868Z
df71a61a-6b9b-48d6-9256-e15423ff5ce7,2000beed-0bca-4fe0-875d-6fe48bbb2fee,80,light,True,True,18:00,True,2026-07-21T17:36:54.868Z
58871526-b164-4671-9357-51af6b15a57f,ba045188-e5c9-4ab3-b59d-ab8ee3e81a6b,80,light,True,True,18:00,True,2026-07-21T17:36:54.868Z
60b2c7eb-f3b8-46af-afd6-af87a4a558c6,2acc4c86-f017-4fe6-bfc6-7677aedcaec8,80,light,True,True,18:00,True,2026-07-21T17:36:54.868Z
445819d8-6f53-487c-80ac-52ab38bd5959,17b912ec-d2f7-4cc2-8496-454aca213435,80,light,True,True,18:00,True,2026-07-21T17:36:54.868Z
c19d4a0c-221f-46ef-8416-21d230fd825d,1519a7eb-159c-467a-abe5-a69372d5f692,80,light,True,True,18:00,True,2026-07-21T17:36:54.868Z
e916480c-9bf2-4d2b-a850-47cd05b77155,19d63b20-96be-490c-8c17-b69f30b10769,80,light,True,True,18:00,True,2026-07-21T17:36:54.868Z
50e37cdb-7521-4e2f-bd6e-fbde13f8f6c3,7e75313a-166b-474c-b284-6623cee0c516,80,light,True,True,18:00,True,2026-07-21T17:36:54.868Z
c94d2ae6-25ff-485c-a5be-56351ed79fd2,edaae048-ecf1-4b74-acbe-10805e9fa8f9,80,light,True,True,18:00,True,2026-07-21T17:36:54.868Z
3f0f2400-037d-4886-9612-46aef5b2b77c,bc4d4e49-6a92-4329-b669-530afe83511c,80,light,True,True,18:00,True,2026-07-21T17:36:54.868Z
a33bd913-6895-490c-ba4e-ba3763a5a983,e3ab061f-fa05-4f33-80ac-1d907c60fd24,80,light,True,True,18:00,True,2026-07-21T17:36:54.868Z
521edfdd-6164-4b45-aa73-760b619e14eb,57553840-55e8-45c9-82d8-24518974e51f,80,light,True,True,18:00,True,2026-07-21T17:36:54.868Z
1e903d96-93e3-484e-8823-13e2a31619b5,eb733963-3485-45ab-9680-b73ee95e2adc,80,light,True,True,18:00,True,2026-07-21T17:36:54.868Z
c8f559ee-48a7-4b68-ba0d-786a7f58aafd,cdfd2565-9658-44c7-93f1-50fa4cf19c37,80,light,True,True,18:00,True,2026-07-21T17:36:54.868Z
5c473a60-2bd0-442e-a5f9-7e9ebbed017e,abd2e27e-790c-4753-a921-9d859d28550c,80,light,True,True,18:00,True,2026-07-21T17:36:54.868Z
5fe6c2ab-a5d2-4ad9-a27a-2449df65763a,6ce69f87-4cfb-4dc6-ae04-abfdaa7a29c6,80,light,True,True,18:00,True,2026-07-21T17:36:54.868Z
dc8e9570-f839-4d40-950f-e73a5f413525,40baf617-7449-4e55-8e97-225fa9ed0377,80,light,True,True,18:00,True,2026-07-21T17:36:54.868Z
f3984179-7921-4fe5-84f7-fc4947252894,b06ce5e1-30d7-42f0-be22-e659e7322a5f,80,light,True,True,18:00,True,2026-07-21T17:36:54.868Z
35241f7d-8731-44a4-a249-a4872d89ebf0,24cafdbb-6bfd-4796-afb6-10786a4d650c,80,light,True,True,18:00,True,2026-07-21T17:36:54.868Z
ac89e653-c8de-472a-a49c-3fe9764dd634,f770ff55-ac16-4832-bef5-a1ae611265ae,80,light,True,True,18:00,True,2026-07-21T17:36:54.868Z
3fb4cfe3-5f16-421e-baf9-a5e25696b619,cd57aa76-58b2-46c7-b97a-034a8821a2ec,80,light,True,True,18:00,True,2026-07-21T17:36:54.868Z
5b665619-dcdd-4524-9d5b-9c3a0a8e97d2,40e13d8a-7ae4-4885-83c9-e3f1551fc61b,80,light,True,True,18:00,True,2026-07-21T17:36:54.868Z
c52b6bdf-ab83-43a6-a64b-b4ad3d584b6c,5d1109ed-99f3-4b30-9019-a5d6f63cdae1,80,light,True,True,18:00,True,2026-07-21T17:36:54.868Z
bd5c6ba5-6988-4678-bd57-1c51d5d1bdc1,df32c73e-8851-43d2-8eb6-169f7cd7f0fd,80,light,True,True,18:00,True,2026-07-21T17:36:54.868Z
311c6b9f-e32b-4f8e-bae6-094bcd3168c2,b31986e7-1287-4a76-9449-f1b0f3f64f5f,80,light,True,True,18:00,True,2026-07-21T17:36:54.868Z
ed717127-84d2-4473-94e5-922348d66223,80115472-9e3a-465c-bd75-6dce57b1626d,80,light,True,True,18:00,True,2026-07-21T17:36:54.868Z
f577babc-6b1e-4870-a783-6b9e04577b34,b8790cfe-2c34-4ce9-9c06-9a541d12f192,80,light,True,True,18:00,True,2026-07-21T17:36:54.868Z
2ca826e3-e087-45a7-bf24-9bfd95e47c88,fb3c9250-d0bb-4472-8310-4ae69bed2ded,80,light,True,True,18:00,True,2026-07-21T17:36:54.868Z
3ec27a1f-7401-4783-9439-c22402c2f1ec,987ee3f2-22cb-4d18-b1f3-f245abe8249f,80,light,True,True,18:00,True,2026-07-21T17:36:54.868Z
faa90542-b7e8-4f4f-b17f-c2d238c18015,4dbb1dcb-af0c-4a6c-858a-f665cdd78dc1,80,light,True,True,18:00,True,2026-07-21T17:36:54.868Z
8bc5da2d-b926-42e3-9dff-6fb31e4783aa,34bf64f7-9e13-48ee-ab8e-efb33ba5ebea,80,light,True,True,18:00,True,2026-07-21T17:36:54.868Z
1b22b42f-f56e-4639-b140-02e0f94da0b1,085a9b8e-19ed-4ed9-a941-e593c50456ef,80,light,True,True,18:00,True,2026-07-21T17:36:54.868Z
b02c62ac-2e5b-477d-8837-08cf79ca7e35,d5318d42-73d4-4b96-8888-f7cc43b83abd,80,light,True,True,18:00,True,2026-07-21T17:36:54.868Z
6f5e9b38-0347-4ec4-b527-97c09a6069b4,32ab7cff-01bd-4d7f-8f0f-96693cb69e10,80,light,True,True,18:00,True,2026-07-21T17:36:54.868Z
212f5534-b3a4-4c4e-8efb-4c8b565a49e9,5aa34a0a-9965-4360-8d9f-1227239c178d,80,light,True,True,18:00,True,2026-07-21T17:36:54.868Z
e59fe96b-e05b-446b-993b-3d344d6ce065,cf85d94d-3acf-4f8c-8c18-74c6ae9ab098,80,light,True,True,18:00,True,2026-07-21T17:36:54.868Z
198c2940-44b3-4790-8135-6876a67b3d86,a0051e6d-bd5e-4b61-8d24-c5f249d07192,80,light,True,True,18:00,True,2026-07-21T17:36:54.868Z
456071b1-b93d-4f65-8c0a-1904f809fefa,680a5423-dfef-4c57-aee2-e2f5b1c3731a,80,light,True,True,18:00,True,2026-07-21T17:36:54.868Z
c4eda405-d289-43be-b595-028d4efb3c35,925edb8f-20d3-4698-b541-3217dba9fb1b,80,light,True,True,18:00,True,2026-07-21T17:36:54.868Z
e7b26bc7-1654-4b38-9c6d-d0ec796f445d,f27b897b-706a-48ef-accd-bf6c91d02048,80,light,True,True,18:00,True,2026-07-21T17:36:54.868Z
9dafac98-16ab-4d33-999b-ac924016b26d,a285c18c-94ed-4294-bfd3-e065fb57b1fc,80,light,True,True,18:00,True,2026-07-21T17:36:54.868Z
d8d37578-4c62-4913-be76-3a687ef6980e,8a72921e-f022-4638-a547-3b2231a2f120,80,light,True,True,18:00,True,2026-07-21T17:36:54.868Z
29c9146f-487b-4023-a3e1-e3a5410e8124,257b19b4-a57a-4394-88ac-4f002ebc4703,80,light,True,True,18:00,True,2026-07-21T17:36:54.868Z
6a2a3490-6540-499b-9981-3321c503a572,f8875c87-73e3-4e01-b743-689ac774f991,80,light,True,True,18:00,True,2026-07-21T17:36:54.868Z
12357c78-3857-4706-8026-11b1e0cdebfa,e3abdb9d-212c-46d0-bb04-89cba824e032,80,light,True,True,18:00,True,2026-07-21T17:36:54.868Z
f509618a-6af7-4457-b5b3-ea8f0e8a353b,40622e93-d75e-4189-b029-cd11eca75111,80,light,True,True,18:00,True,2026-07-21T17:36:54.868Z
0ab0a7f7-49f5-49ce-a3b4-347c6645cf5f,52ee124d-8042-4f58-bfe9-5e43ee058a29,80,light,True,True,18:00,True,2026-07-21T17:36:54.868Z
1091493b-d508-4455-a1f6-3e609a198fa9,5168328e-30fe-4c90-821e-8cf729b5613a,80,light,True,True,18:00,True,2026-07-21T17:36:54.868Z
e0f72aa9-36b2-41ed-9ad2-d36cf8d00fa6,eebbe8e1-50f8-45ab-abf0-1a64105ac767,80,light,True,True,18:00,True,2026-07-21T17:36:54.868Z
448ead64-8825-4295-875b-7535436f7f83,17624184-7ea9-4c35-9e8c-84fc6738e2fd,80,light,True,True,18:00,True,2026-07-21T17:36:54.868Z
985155dd-033f-41ab-88c9-f34b0e0cccda,57190773-00e9-4993-94d8-65887194b23c,80,light,True,True,18:00,True,2026-07-21T17:36:54.868Z
8b788264-19e9-4ff7-ad8e-1efc3a8b0e5c,30eb67b3-2de5-4955-a014-f124f2d1104c,80,light,True,True,18:00,True,2026-07-21T17:36:54.868Z
eb70874a-2bd0-4f16-ae63-0eee79dd3f30,59a9b0a8-d8d7-42df-bd6e-0f9604f0fe57,80,light,True,True,18:00,True,2026-07-21T17:36:54.868Z
fc5e29d0-5812-420d-bbe6-c22a65051790,ea763e20-e26b-4c69-9c2f-f7c88ed00b34,80,light,True,True,18:00,True,2026-07-21T17:36:54.868Z
dd3eb89a-d0f5-44ff-b9e1-5385cffc35d6,d3c23ec3-69a6-4dae-b6b4-31e32aae218c,80,light,True,True,18:00,True,2026-07-21T17:36:54.868Z
fadd42b5-a595-4e32-a89d-866ae58fc88e,9bd8c9c9-4fa1-4751-8759-d373bb5bda9c,80,light,True,True,18:00,True,2026-07-21T17:36:54.868Z
4b94fdf2-b77d-45b3-adee-c52011dee3d2,4dd750b5-f01a-47fe-a194-0f58ee8f3c34,80,light,True,True,18:00,True,2026-07-21T17:36:54.868Z
b9a269d3-d2d6-4d98-9333-87287dced88c,2fe3ee08-6451-481a-89fc-4893d8a354e5,80,light,True,True,18:00,True,2026-07-21T17:36:54.868Z
00173753-873e-413a-8f42-a426e881ab01,b4311f61-d267-461f-822d-a96d80427ea2,80,light,True,True,18:00,True,2026-07-21T17:36:54.868Z
9c9e71d1-865b-4707-b668-c1dcf6ab8dbb,4bdca35f-2af1-45b9-aada-659abff5e057,80,light,True,True,18:00,True,2026-07-21T17:36:54.868Z
2167a555-fbb6-4414-bc6a-d7b1311ab61b,eed76d51-ed82-48f6-8159-fb38bb211672,80,light,True,True,18:00,True,2026-07-21T17:36:54.868Z
88de0e03-ec0a-45df-8913-c2fc9ee63438,bd0aeaa1-6cc8-4e25-9b7d-4adee7f0bf6d,80,light,True,True,18:00,True,2026-07-21T17:36:54.868Z
0f093d30-52c8-4907-a36b-4d9cb609609e,0d3e4456-f457-41ff-829e-ab6550f20e31,80,light,True,True,18:00,True,2026-07-21T17:36:54.868Z
3bc20bb8-6903-45d6-a3b4-d8d8cecaf860,5ca5847f-946c-41ac-abb2-9b667ad4dc52,80,light,True,True,18:00,True,2026-07-21T17:36:54.868Z
52230e0b-3733-4b23-8161-9f3fc94025f1,6604fdbc-2418-4584-a17e-b0ec6e1d46eb,80,light,True,True,18:00,True,2026-07-21T17:36:54.868Z
a9c154d2-715a-4001-b1ed-b318dd70e632,aa7c9977-1b0c-42e1-8a5c-60e510765a3f,80,light,True,True,18:00,True,2026-07-21T17:36:54.868Z
63669ffa-1cd4-47cb-8c0b-fe1b86089328,d3120cd0-5b81-45aa-b146-6a908f3e1e39,80,light,True,True,18:00,True,2026-07-21T17:36:54.868Z
b99f64d0-b85c-4865-a1f7-3e515a6c3613,96ca78b5-45f4-41a2-8f26-85f04dd0197e,80,light,True,True,18:00,True,2026-07-21T17:36:54.868Z
02778f35-fa9e-49d8-a7e7-ce7494ce53d0,3f913052-aae7-4afa-9964-5c495b8e4d54,80,light,True,True,18:00,True,2026-07-21T17:36:54.868Z
fea3a5de-29b6-4109-90b0-1e95ba99bf9e,07ef33f3-bbd3-4369-96b3-45bbb6e5342e,80,light,True,True,18:00,True,2026-07-21T17:36:54.868Z
f1e9247b-f54a-43c8-b46c-c29c69529e5c,6497a7e9-7cd7-42b1-a3dd-3bd25b5526bf,80,light,True,True,18:00,True,2026-07-21T17:36:54.868Z
efb94c5c-bb4f-4689-8f6f-df20d0c37553,510f70f6-087e-402b-8e1c-c8667d016312,80,light,True,True,18:00,True,2026-07-21T17:36:54.868Z
f2c3d597-8782-4c04-81ec-6febb0147008,390b61ab-767a-4780-9b10-fd20eaf1a050,80,light,True,True,18:00,True,2026-07-21T17:36:54.868Z
089e53f9-efc6-4b42-9adc-d99f449d551b,4f636ee1-b37e-41c2-b186-20f50322d75d,80,light,True,True,18:00,True,2026-07-21T17:36:54.868Z
0ebd9696-3e86-4de3-b4de-68780468fce4,f03b3c6a-08c3-4c5e-ae33-aba4febfd763,80,light,True,True,18:00,True,2026-07-21T17:36:54.868Z
ba4a3763-2622-4e75-9c23-3c8046c42853,af4f1fa9-3e46-4faa-a7e1-ac56d4891346,80,light,True,True,18:00,True,2026-07-21T17:36:54.868Z
eb32653d-8fb6-4ec5-8f2e-1ee074e0cdc6,d063264b-1f27-4998-9fe2-c7635120ecf9,80,light,True,True,18:00,True,2026-07-21T17:36:54.868Z
05a7da8b-5127-402f-97ad-0c666787b38c,3f2b4d76-d822-4d21-80a9-b89205ff5e8f,80,light,True,True,18:00,True,2026-07-21T17:36:54.868Z
e546ec6f-aed4-49d9-a452-c544979cfb7e,980edad3-7411-49df-adb7-c1f9c575daeb,80,light,True,True,18:00,True,2026-07-21T17:36:54.868Z
9394af6c-6a4c-4f82-b3f7-d9c3285792a2,b39a93da-18dd-478b-97a8-a02124ff6b24,80,light,True,True,18:00,True,2026-07-21T17:36:54.868Z
215a9f5e-57ad-45b6-b87f-4992034d1908,63f157ea-b5f7-4dbc-bb92-112badbbf568,80,light,True,True,18:00,True,2026-07-21T17:36:54.868Z
450a7865-9b96-4e89-993d-a71cb447fec7,b23a717e-097d-41c2-9a33-51ceb9f872ea,80,light,True,True,18:00,True,2026-07-21T17:36:54.868Z
85edd87b-9cfc-4e22-8340-341ed13f9595,31e60d6e-b98f-4827-a586-025cd6e400a2,80,light,True,True,18:00,True,2026-07-21T17:36:54.868Z
e592747d-d30e-409e-a1ba-6e9ba2f89e3e,2af9b08a-9b31-4d4f-b6cb-a3b0037cdb5c,80,light,True,True,18:00,True,2026-07-21T17:36:54.868Z
0787448d-b914-4f24-b8b0-a235b3601c3f,765885f8-a9bd-4fd6-b88b-d7d5dd3f7dca,80,light,True,True,18:00,True,2026-07-21T17:36:54.868Z
8e089e86-fbbe-489f-9b92-665cea8c0703,4f192f17-dbe6-4262-87e2-09a8691b9ba4,80,light,True,True,18:00,True,2026-07-21T17:36:54.868Z
04b00c0d-7f70-4df9-b01d-d279a332d13d,31107cb4-71ec-4959-9364-ffebedfeaf44,80,light,True,True,18:00,True,2026-07-21T17:36:54.868Z
b5676034-8f48-4d44-afcb-e32b4e8621c4,a5575317-32af-4954-9709-c26759bf88f4,80,light,True,True,18:00,True,2026-07-21T17:36:54.868Z
62f6140e-787d-46ad-8771-725c9a8a5462,af08157a-fd36-473c-a369-bb6373b7f077,80,light,True,True,18:00,True,2026-07-21T17:36:54.868Z
a5be86b7-17c0-421d-9301-6dc104227b6a,f5b20670-84f6-4d5b-9ab9-69f392ae54cc,80,light,True,True,18:00,True,2026-07-21T17:36:54.868Z
c969d2ca-b9a2-4d6c-8efe-2f85c6165fd2,d184b076-11a9-42e5-8558-dcdb7b6cd295,80,light,True,True,18:00,True,2026-07-21T17:36:54.868Z
b09340ce-f0c3-4734-af60-30a12a131937,12a6f7ba-cb58-47ed-8565-94d05ec2728c,80,light,True,True,18:00,True,2026-07-21T17:36:54.868Z
1f3c1fa0-c9c5-443c-9968-b26398bac75e,8831e3e2-0b40-4d5a-9d66-3d12f2814847,80,light,True,True,18:00,True,2026-07-21T17:36:54.868Z
e1237add-26fb-480a-96df-346d8564b8d1,a92f2a81-3cf0-49ca-905c-3aab701072f3,80,light,True,True,18:00,True,2026-07-21T17:36:54.868Z
ac8f7296-6ab6-4cfa-aa26-bd4cdd008608,c8a1aee8-9f68-454f-af42-da35e10a3e6f,80,light,True,True,18:00,True,2026-07-21T17:36:54.868Z
b66de021-c3cc-4488-b89b-55f47b20143f,2ea36430-6218-402f-a1dc-e162b429a003,80,light,True,True,18:00,True,2026-07-21T17:36:54.868Z
91f31845-84bb-495b-b31f-583778bf809a,a2f4f9b0-320e-4050-a883-b9d98906ed03,80,light,True,True,18:00,True,2026-07-21T17:36:54.868Z
21378865-4f00-4714-92c2-08142d1507e1,815abddf-5dd9-4822-b2ea-5105f54f91a7,80,light,True,True,18:00,True,2026-07-21T17:36:54.868Z
faa5f07a-bebf-44bd-8067-50947d9d7e45,9500c812-9d5e-4484-86e8-b6df2cd9e2a9,80,light,True,True,18:00,True,2026-07-21T17:36:54.868Z
0ea6d28c-74a4-4c88-855b-e0cc921248f3,5ddcb9bd-a275-4cfc-8e40-e453a3b276a7,80,light,True,True,18:00,True,2026-07-21T17:36:54.868Z
3b40ebea-6964-4f31-b2f5-0f75e8c38ed7,0a956c3f-bed4-401a-9a89-4c8e4e8b85a6,80,light,True,True,18:00,True,2026-07-21T17:36:54.868Z
9748c5fa-c4b3-42c1-b9e9-a5179310ff24,ad76842b-7fa8-4dd7-9f2d-229064c4e367,80,light,True,True,18:00,True,2026-07-21T17:36:54.868Z
32ddd75c-5024-4d0d-810c-c214b900cb43,ed23e86b-47ce-4431-8365-0065758312d4,80,light,True,True,18:00,True,2026-07-21T17:36:54.868Z
c6be9a0d-65bc-4455-bce5-d78a4225fd41,73904035-2a3d-48bb-8c37-1a72b527bea9,80,light,True,True,18:00,True,2026-07-21T17:36:54.868Z
493712a6-d203-4177-aebc-d5e859c5ba81,b72ad9ab-012c-418b-bdcc-4fb9f48d71f2,80,light,True,True,18:00,True,2026-07-21T17:36:54.868Z
c972a81e-7d2b-434e-808e-264e6561c323,68d601f9-1177-4749-8a43-5f296dbb33f4,80,light,True,True,18:00,True,2026-07-21T17:36:54.868Z
0cff4987-a3a6-49b0-8a68-6070c6bee395,4d28cd21-5b07-4afc-bbb9-2c9974f94b51,80,light,True,True,18:00,True,2026-07-21T17:36:54.868Z
5d1c15d1-eecb-4991-be08-944a79866da1,57670360-d5de-491e-a06d-fdc001b88354,80,light,True,True,18:00,True,2026-07-21T17:36:54.868Z
4b23ec7e-ae5a-4910-b5bb-64187fe8b279,e0bd1c9f-70b5-4a15-ac05-c84dfe09f259,80,light,True,True,18:00,True,2026-07-21T17:36:54.868Z
891ac0b1-b028-4afa-ac6c-cfff7fb881bb,07dd5bcf-2203-4e43-8a55-28aa288dc38c,80,light,True,True,18:00,True,2026-07-21T17:36:54.868Z
c4267884-fc85-4882-a1de-119a28128f8c,836c04e0-64eb-4b93-8e6c-af5184eece77,80,light,True,True,18:00,True,2026-07-21T17:36:54.868Z
bb53d797-b92b-4f48-b8fa-8e3ea3fb233b,1e3e0c55-2163-4c72-9de7-3216ebffbd86,80,light,True,True,18:00,True,2026-07-21T17:36:54.868Z
bf676151-8be9-44ad-986a-a6d9d53717b5,ec8dd9b5-8991-49fb-b5b3-5bcb90058309,80,light,True,True,18:00,True,2026-07-21T17:36:54.868Z
be6772db-3902-44ef-ab62-fb3f65056ce1,8c2271f7-3e3e-46d8-b201-e3ccd6fc3248,80,light,True,True,18:00,True,2026-07-21T17:36:54.868Z
d4dc6e4f-2bae-467f-9880-c17209765086,3cb53184-6e68-4c99-9440-dcb85e73ffd3,80,light,True,True,18:00,True,2026-07-21T17:36:54.868Z
47853953-fc0c-4e94-a57d-d3d5f5651f39,d003b6a4-23ed-43c4-99b3-540bc9e6dc53,80,light,True,True,18:00,True,2026-07-21T17:36:54.868Z
ae61b95e-01b1-470b-9a41-fe1440e7d778,b96246f6-5507-4ef0-841f-7a2172bd8068,80,light,True,True,18:00,True,2026-07-21T17:36:54.868Z
f13d48f3-4fd0-4e53-b301-cd691670ef2d,403f9c64-c91a-4300-9763-bce2cd36a3db,80,light,True,True,18:00,True,2026-07-21T17:36:54.868Z
dbcc42e8-0dc6-4e49-83a2-496403ef7166,1d2b3506-7705-4722-9088-61b9c8ea332c,80,light,True,True,18:00,True,2026-07-21T17:36:54.868Z
0b3bc25b-1c3d-47a5-8cbd-abfca72d9a88,37f27c93-0f44-4e06-8341-c1556c6b7372,80,light,True,True,18:00,True,2026-07-21T17:36:54.868Z
a46afd89-648c-438b-8155-3c958e021441,6be00ba1-3591-4221-9843-9be58b9e72af,80,light,True,True,18:00,True,2026-07-21T17:36:54.868Z
be006e45-b123-4e0a-a4ba-221daf14a91b,ee42d39c-9dc4-42ee-99a7-0f6d8bf93fff,80,light,True,True,18:00,True,2026-07-21T17:36:54.868Z
9b95cb54-f086-4dba-9ff5-7ef27672261c,4f66e1e3-da8c-4b72-a415-7b312902556b,80,light,True,True,18:00,True,2026-07-21T17:36:54.868Z
84ccd38d-c9d9-4dcd-80c7-ead2a79652dd,5358b128-8361-4628-9b5b-2828b713c8e4,80,light,True,True,18:00,True,2026-07-21T17:36:54.868Z
f48225d9-c69d-4689-b83b-1c310915875e,c8db3cfc-f7a2-4729-a4e2-e56b500327d9,80,light,True,True,18:00,True,2026-07-21T17:36:54.868Z
f2ff80aa-8fc6-47ac-bb7c-16f5b73fdfce,8216f147-fe4d-448f-85a4-084cdaa476e1,80,light,True,True,18:00,True,2026-07-21T17:36:54.868Z
5c9ed9c4-7138-402f-8c50-316211125996,100a2191-6411-4bdb-9b1a-6001bf33e813,80,light,True,True,18:00,True,2026-07-21T17:36:54.868Z
824fe1c5-ffbc-4915-851b-fc55fda3a857,7f94e48a-df9e-425d-b33d-91157feff30d,80,light,True,True,18:00,True,2026-07-21T17:36:54.868Z
314dc5fe-f5dd-4963-9744-6b8b32dec98e,b0ac8292-e0fb-4a0d-88c2-8a981992c53a,80,light,True,True,18:00,True,2026-07-21T17:36:54.868Z
666bcfe0-6b2a-4e8b-b320-d3e2d18fd7b6,918e6b82-3310-4107-8621-1c3fcb68145d,80,light,True,True,18:00,True,2026-07-21T17:36:54.868Z
813057f7-15f8-41f1-b392-ecd2ca2aa2aa,be647636-975f-4fa1-bbca-71f1bc7ded4f,80,light,True,True,18:00,True,2026-07-21T17:36:54.868Z
781af33c-fea8-44e7-8acf-e9f79e828896,babdafc3-2ec9-4f5b-b042-a35e3e94228c,80,light,True,True,18:00,True,2026-07-21T17:36:54.868Z
91a3f79c-6dd4-4020-a3a6-70e8a1b69acb,f26fb379-9631-4a98-b131-00bf8653ca18,80,light,True,True,18:00,True,2026-07-21T17:36:54.868Z
ae59c098-9f51-45cd-aa48-c4a043fa0500,aaa7b064-3260-4c62-834e-376ae20e171c,80,light,True,True,18:00,True,2026-07-21T17:36:54.868Z
496360b3-1994-4e55-ac8e-5fdc5863d87b,5b1fb9a7-7221-4118-b280-c3ad12568ba2,80,light,True,True,18:00,True,2026-07-21T17:36:54.868Z
4281a434-f8e7-4794-8cf8-e19828446465,2ac51c83-e8c1-4b8a-9e4c-14ed1847f374,80,light,True,True,18:00,True,2026-07-21T17:36:54.868Z
1093be54-fd0f-4680-9cd3-33d6c1190be3,36e623bf-419e-4d0b-b5a9-22c023135567,80,light,True,True,18:00,True,2026-07-21T17:36:54.868Z
e105efb9-dad6-4d07-af8b-8112fdc9b51a,2cc0a79f-92eb-4377-90f3-965a645a9d69,80,light,True,True,18:00,True,2026-07-21T17:36:54.868Z
486967ba-d3f6-4120-a6a7-fc7f8ecbc9ca,9cf8b7d5-b2fc-4a61-9226-b2dcb0fa47e3,80,light,True,True,18:00,True,2026-07-21T17:36:54.868Z
68f61262-fb49-4f98-a888-7f67e96da78d,3d3b29af-4e75-4e87-b762-5cf97585f6d4,80,light,True,True,18:00,True,2026-07-21T17:36:54.868Z
672570c9-b52d-4712-88a6-0be6d9f0704d,d580d825-ad6e-4b45-be1a-d4ad53e0398c,80,light,True,True,18:00,True,2026-07-21T17:36:54.868Z
ecd5ea05-ef39-48f8-9dbc-791ccc732910,1ee7dc3f-e52c-4dd2-bb08-1935b3a70f7e,80,light,True,True,18:00,True,2026-07-21T17:36:54.868Z
835a2cb4-48b9-4b0b-8246-92206af090be,21bad65c-c05d-46a3-af56-6a3727382f9f,80,light,True,True,18:00,True,2026-07-21T17:36:54.868Z
4a6df00c-b9ef-4d89-8e83-691bd93ff49a,6cbc0e86-fae3-4cb5-a858-e8f9631a8344,80,light,True,True,18:00,True,2026-07-21T17:36:54.868Z
b51eedb2-4b68-4653-b10a-fc4cd120d163,ac51d35e-402c-411a-b212-391450b75abf,80,light,True,True,18:00,True,2026-07-21T17:36:54.868Z
95eb620d-568f-41c7-a977-33e4959f4f08,533f12f3-b401-4d59-a8c6-96af542ee542,80,light,True,True,18:00,True,2026-07-21T17:36:54.868Z
7333a047-ad94-4cea-a94d-3a1abeaaac62,798df02f-3936-447f-8e19-28fba4815186,80,light,True,True,18:00,True,2026-07-21T17:36:54.868Z
ad7ac0f3-fad8-4e73-95b1-8c0984dc5e20,d8ea7e14-e41b-43b6-9bdd-71a9e787b809,80,light,True,True,18:00,True,2026-07-21T17:36:54.868Z
3a272393-0f8a-4c49-901a-e2d26db011f8,5a2323fc-ecd4-4ac3-834f-53b28b57cd22,80,light,True,True,18:00,True,2026-07-21T17:36:54.868Z
ca96b31a-0f6e-4042-b18c-d9513b1d9ffd,76d964ee-7a29-4eb9-8552-fa52abeda309,80,light,True,True,18:00,True,2026-07-21T17:36:54.868Z
fe59069f-4f7d-4c06-9c80-d6467897973a,7c197c27-6398-4b3e-8ebc-cfd8dbfd857e,80,light,True,True,18:00,True,2026-07-21T17:36:54.868Z
ff05456a-cb74-413e-9cf9-b90286350647,6a17cd91-dc92-4e46-ba44-ea51cb3a9a3e,80,light,True,True,18:00,True,2026-07-21T17:36:54.868Z
199fdb65-ac93-4e19-9a10-6dedd0b51606,80bcee54-c69f-4a47-aa26-f2f42f851c2c,80,light,True,True,18:00,True,2026-07-21T17:36:54.868Z
938fc06f-7f7e-45b8-bd34-8cf87a97e716,0701c342-a38e-443a-bdcf-126a5c835bac,80,light,True,True,18:00,True,2026-07-21T17:36:54.868Z
47d100f3-de19-46f9-9567-da4373fd4a0a,fd1bcd37-5f72-4c24-a944-c57f0bfe5ac1,80,light,True,True,18:00,True,2026-07-21T17:36:54.868Z
d342dade-7213-4dea-84f2-dc135f3a26b7,20235fda-d9b4-47b9-94be-c8b0afacafdd,80,light,True,True,18:00,True,2026-07-21T17:36:54.868Z
6967855a-c7f0-47ed-a55f-5b4a58482059,0f37f23f-08d5-4432-aebb-b6a6c6320075,80,light,True,True,18:00,True,2026-07-21T17:36:54.868Z
86ef8a75-9a13-48ce-beb8-e53368c89228,861ec03b-32a9-4dba-9899-7140fa181d27,80,light,True,True,18:00,True,2026-07-21T17:36:54.868Z
b4dcb4cb-91cb-459d-8528-4c78c6e21408,2896e984-7608-46e0-bba5-765a6dec3d39,80,light,True,True,18:00,True,2026-07-21T17:36:54.868Z
205e0229-22fd-4f6d-aa81-e5781f7c15d3,89fcef2c-c1c0-4e6a-9fe4-c46f4d8ebe67,80,light,True,True,18:00,True,2026-07-21T17:36:54.868Z
2b0cba6c-4bef-40d5-bad3-36b6a90a9e31,d5e28115-aa82-4cbf-9ffe-4c529effdd71,80,light,True,True,18:00,True,2026-07-21T17:36:54.868Z
f47f1950-aec6-4c5f-88d8-ae67095b575d,4ff81759-30ad-4b98-a6bf-20f83f8a2041,80,light,True,True,18:00,True,2026-07-21T17:36:54.868Z
2b92517a-52b6-444a-b80a-14b8b19c9a72,fa6cff1e-8a66-4f9c-b7f0-4ba2a0885a21,80,light,True,True,18:00,True,2026-07-21T17:36:54.868Z
ec31787b-a3d7-43a4-a134-e34f28e858e2,e5f01dc6-490a-4450-a089-079a135bc383,80,light,True,True,18:00,True,2026-07-21T17:36:54.868Z
3eb4000e-90db-41da-aa26-c62ddb97fb98,27fcdd86-8480-4fd5-8aff-0f813ecccc22,80,light,True,True,18:00,True,2026-07-21T17:36:54.868Z
1f5503ef-2775-41c5-b532-5b20ea65287c,4cbd6193-9640-409c-899b-ca2785a7f934,80,light,True,True,18:00,True,2026-07-21T17:36:54.868Z
2a672e88-6593-428e-923e-279a57091778,74d8daa3-fb28-4cc1-a3ff-7927a0209e95,80,light,True,True,18:00,True,2026-07-21T17:36:54.868Z
65a335e4-a897-4307-bf45-03d11db819d0,4cfe3044-f4f1-4b61-bd16-3fd710422595,80,light,True,True,18:00,True,2026-07-21T17:36:54.868Z
d0c10162-190e-4c53-bfd0-e7b202096f70,6f7ddd7e-7423-4eda-aca8-ab11b53dd776,80,light,True,True,18:00,True,2026-07-21T17:36:54.868Z
c93a7038-9a39-49a0-8947-b17f584be768,dff2874c-5bea-4814-be60-cdcd5ddeae66,80,light,True,True,18:00,True,2026-07-21T17:36:54.868Z
ee802f4b-1f04-4018-9ddd-e001ea8dd40e,4b4e289c-b39c-439f-b45d-a87cac75b819,80,light,True,True,18:00,True,2026-07-21T17:36:54.868Z
4a096ac5-d828-4daa-ba31-7126d5e3acef,740768d9-4981-4c75-97e8-6ab358d0694c,80,light,True,True,18:00,True,2026-07-21T17:36:54.868Z
e8b5b430-c9c7-43d7-9cb7-8612d2c6772e,d4bdae00-a54b-43de-88e8-d78a84c273f3,80,light,True,True,18:00,True,2026-07-21T17:36:54.868Z
c5f6cf76-b223-4d98-83f2-d17e4999b8db,2582c7be-941b-4d14-bff3-1d466c865502,80,light,True,True,18:00,True,2026-07-21T17:36:54.868Z
bd3340ee-00d4-443c-95ba-4de9955f9f01,e7ebc8e2-8310-43cc-8de6-bf60b1c35424,80,light,True,True,18:00,True,2026-07-21T17:36:54.868Z
da378c5d-80b8-41f3-8b48-7e5e22f3dbc8,ffd7efbe-877e-4e78-ba8c-289d77a7f7e5,80,light,True,True,18:00,True,2026-07-21T17:36:54.868Z
478a77ff-7738-41d6-99e7-06ae7b6b0da4,c4793ccb-a940-4a4a-95c1-636908957ba7,80,light,True,True,18:00,True,2026-07-21T17:36:54.868Z
f003e392-a735-4139-93b1-c37724fc24c6,bbdd35b5-c3a8-4ca0-a46d-caee865745c6,80,light,True,True,18:00,True,2026-07-21T17:36:54.868Z
2194092c-1187-4342-a3a7-1dd6a893fe8e,08511424-33db-4e7c-8e4f-ce881409e000,80,light,True,True,18:00,True,2026-07-21T17:36:54.868Z
d5bfa6bf-a72b-48e3-a60a-2898fe748550,5de351ce-369a-48af-a1e2-dbeb0b569f27,80,light,True,True,18:00,True,2026-07-21T17:36:54.868Z
decdd999-89c0-4cc2-a38f-01882678ebae,375e5155-e1cc-43ec-8a31-dfa9606d0b19,80,light,True,True,18:00,True,2026-07-21T17:36:54.868Z
de2571f7-b46b-468e-bb30-98fc10f3a2a5,f8a83d6c-fc8f-4f68-a99a-db1af9409f72,80,light,True,True,18:00,True,2026-07-21T17:36:54.868Z
bdfb7c78-5a07-4b82-8d31-205672990b65,de12a0cd-87d2-4aed-ba14-c86532a2becd,80,light,True,True,18:00,True,2026-07-21T17:36:54.868Z
8c33de41-0594-409d-aefc-28a0717da2de,34b8729a-b9db-417b-9db2-a375c99874da,80,light,True,True,18:00,True,2026-07-21T17:36:54.868Z
e563a8fe-6bb2-4ebc-877d-fee25ca6b293,905d6523-0a2f-4689-82ba-d23b5ce6b4ab,80,light,True,True,18:00,True,2026-07-21T17:36:54.868Z
3fb14da3-0818-4161-be08-9785a5f13d2b,e86e20f8-4554-40fe-949b-8e730a27f482,80,light,True,True,18:00,True,2026-07-21T17:36:54.868Z
d7cb5d2e-cb8d-4844-a349-e3b716ca7010,0c7a03eb-7922-4443-be55-cbd792a4880b,80,light,True,True,18:00,True,2026-07-21T17:36:54.868Z
5726df92-cd40-4136-9d22-c3a59a7bfa92,07e249c4-3674-449b-abd7-a6c0d7b57543,80,light,True,True,18:00,True,2026-07-21T17:36:54.868Z
0eb412cc-3471-4416-9006-d72fa8dfa16d,c2e4a495-d061-4044-b4ed-fa9dac683efe,80,light,True,True,18:00,True,2026-07-21T17:36:54.868Z
34ec3077-c17b-425e-bc4e-bee4beda445e,5b8c4765-1544-42af-847c-fc1bb3586f8e,80,light,True,True,18:00,True,2026-07-21T17:36:54.868Z
89807f0b-040c-421c-a2b7-630567318aec,e2d50bbf-1f38-42b4-b870-e5f22f4dc672,80,light,True,True,18:00,True,2026-07-21T17:36:54.868Z
9c93bae6-9168-4fa8-8e58-fc064b21f8c5,f749e1e4-2861-42cb-936d-b14217780d25,80,light,True,True,18:00,True,2026-07-21T17:36:54.868Z
24f87f57-7777-4934-b654-d9e09275aabc,04da81a7-1f38-46df-a3f8-3f3ec48aad69,80,light,True,True,18:00,True,2026-07-21T17:36:54.868Z
5ade1ac2-5518-4ead-888e-02fa5401bc8f,e98be2d1-0f18-4f45-af11-faa9b0a5688d,80,light,True,True,18:00,True,2026-07-21T17:36:54.868Z
9cdb0840-b4db-4e5a-b86d-7720bae131ad,038c76d5-b6fd-479a-a498-a1e2a23c1dab,80,light,True,True,18:00,True,2026-07-21T17:36:54.868Z
6f172d67-2898-4564-bf59-6793b3efc36c,8782e8e3-1cd6-4818-b621-ec974ab75299,80,light,True,True,18:00,True,2026-07-21T17:36:54.868Z
6717480e-5176-48a5-93cd-2a2e5c26c1bc,a6e29f85-86bc-4339-a832-e109cee84399,80,light,True,True,18:00,True,2026-07-21T17:36:54.868Z
de23c7d2-f287-47da-9d84-cbf935635f5f,856a5f88-680b-48c2-8a52-38c4f0cfe418,80,light,True,True,18:00,True,2026-07-21T17:36:54.868Z
c0f4b7d5-349e-49ff-9150-2bab09c84287,3c9a0617-c3b5-4c50-9f52-169662700b7e,80,light,True,True,18:00,True,2026-07-21T17:36:54.868Z
65dfb104-b977-4ae9-9c07-0924a21f97ff,46ea677d-4f92-4040-8100-24112c59b2e2,80,light,True,True,18:00,True,2026-07-21T17:36:54.868Z
a1060a29-8b37-4837-afbe-eced42e81565,1f32d425-dfd6-4567-9a32-333bcffe9f06,80,light,True,True,18:00,True,2026-07-21T17:36:54.868Z
6e6801eb-ad64-48b6-93e0-e181b3e80e6e,3f520d84-a263-47b6-8f21-055447ec9008,80,light,True,True,18:00,True,2026-07-21T17:36:54.868Z
a6e0aa69-26a7-44c0-b6ec-60dd55710406,52479beb-364c-43b2-8f6a-c0166b4f370f,80,light,True,True,18:00,True,2026-07-21T17:36:54.868Z
45a17cb4-e1bb-4286-9e6a-d30b882c3d64,6d0d313c-1eba-4381-8d67-e4945caef2c3,80,light,True,True,18:00,True,2026-07-21T17:36:54.868Z
580f418d-6aa9-40ed-96e9-eae28472d23e,8b3483ab-caf8-4fb6-b5af-08d67f0f0763,80,light,True,True,18:00,True,2026-07-21T17:36:54.868Z
c82dbc2b-1d11-404a-8b21-fa1b8fdafbd5,d75044c1-cf9b-49a9-b21b-c9ff8126ea86,80,light,True,True,18:00,True,2026-07-21T17:36:54.868Z
4c434cc6-e059-44d9-b5a6-8092e0fd8a1f,0c080c09-4cfb-4473-bf67-4523e2741aef,80,light,True,True,18:00,True,2026-07-21T17:36:54.868Z
99884e5c-9ea8-4d06-8269-8533d3c16572,4bea56b2-2d0e-46c2-8120-a18818c0ec2a,80,light,True,True,18:00,True,2026-07-21T17:36:54.868Z
a924fec9-72a3-444f-9c66-ab49e36f46c8,1b8fc8db-ca78-4f1c-9ad4-92c8aedbdbe6,80,light,True,True,18:00,True,2026-07-21T17:36:54.868Z
7dd08d7b-cdd1-496e-a35f-676bfe624249,4d853250-282d-459d-8e56-7123ebd0542f,80,light,True,True,18:00,True,2026-07-21T17:36:54.868Z
af3361a4-d15a-43ab-8f56-4d9c73397b05,d5b01edb-811a-48b8-86f3-bd8959a5646a,80,light,True,True,18:00,True,2026-07-21T17:36:54.868Z
4f252aad-b3d0-427f-9cce-aa8f96c685d8,8abb4341-d80f-4f49-9844-b08c744dbf57,80,light,True,True,18:00,True,2026-07-21T17:36:54.868Z
ca6f9bbd-4f2b-4fa1-b7cf-a7053beaa9dd,68c8de4d-70a5-46e7-b3b9-b6bc6fd83f1c,80,light,True,True,18:00,True,2026-07-21T17:36:54.868Z
dcdaaf02-59f5-4f03-93bf-318b3aad76f5,56b20f8f-fcd8-4318-932a-c955b8783e7d,80,light,True,True,18:00,True,2026-07-21T17:36:54.868Z
a1acadbf-9667-4ef6-8742-b3f9809926be,567f5a85-cc43-461c-a42b-763c3761326f,80,light,True,True,18:00,True,2026-07-21T17:36:54.868Z
026c5656-94b4-484d-85aa-39c15bc33044,f20b24f4-fd08-45e1-955c-86603381d7bc,80,light,True,True,18:00,True,2026-07-21T17:36:54.868Z
848c0da4-15b2-46df-8cb7-c396744648aa,e9fb6d76-4c52-44c4-9078-56a8d58d54be,80,light,True,True,18:00,True,2026-07-21T17:36:54.868Z
1553c86d-f312-4206-a7fe-d90bffe7384a,75da1a9d-96e9-4cb6-a020-35c57c82a5f9,80,light,True,True,18:00,True,2026-07-21T17:36:54.868Z
e2312ac2-e08f-4f50-99e0-1b0ef3143031,0941264e-1d29-4290-afce-93b25415af96,80,light,True,True,18:00,True,2026-07-21T17:36:54.868Z
619254e7-a7ca-40f9-9c6a-5a790dd566a4,0e9f94b4-ef45-475b-a94f-1960f35f03ae,80,light,True,True,18:00,True,2026-07-21T17:36:54.868Z
eb81d0d4-0059-440c-b72b-1fb78c248060,822cd890-5e73-48c8-8337-3d47e2e322e3,80,light,True,True,18:00,True,2026-07-21T17:36:54.868Z
e4d3bafb-5831-4662-9328-a508173a96d9,c033b600-cf85-480d-9de6-999dd99835b1,80,light,True,True,18:00,True,2026-07-21T17:36:54.868Z
85bc4281-d7ee-49a2-bd13-69635c18502b,ce27ff55-681c-4080-b1e1-42fdca96553c,80,light,True,True,18:00,True,2026-07-21T17:36:54.868Z
bb1b34a4-d6b3-407b-b93b-911569792eab,a3a71d01-ec4e-47a1-985f-9e02f645a39d,80,light,True,True,18:00,True,2026-07-21T17:36:54.868Z
e9dfc7a9-7131-4def-b581-033c461b7db6,33d9eab9-8469-46da-9e08-2011da89f79b,80,light,True,True,18:00,True,2026-07-21T17:36:54.868Z
9a4348fe-5a9a-41bc-a3e3-977d846a27a6,95962ae6-327d-41b4-8c9e-674643881b8d,80,light,True,True,18:00,True,2026-07-21T17:36:54.868Z
8a045e20-310c-4656-9e89-214dc0d084a7,650d64df-bddb-4d97-bccd-c1b1a7b2dca3,80,light,True,True,18:00,True,2026-07-21T17:36:54.868Z
84a9b2d9-41c6-41aa-9073-5ba5001bede4,6f0eb845-d569-4091-b16e-a2e158a70245,80,light,True,True,18:00,True,2026-07-21T17:36:54.868Z
ada1995f-1c5e-4aae-a981-9bb67500d53b,ad54e6a8-6a9a-40bc-90f7-7f97e1d9b7d9,80,light,True,True,18:00,True,2026-07-21T17:36:54.868Z
e37dcf07-66a5-4daa-9ca3-d9b12781d0fc,8ad3ca01-75e3-433c-8e4c-06a7ca4da71b,80,light,True,True,18:00,True,2026-07-21T17:36:54.868Z
3f3e3a94-dda4-4017-a5cc-16d67dca6018,d1766200-1b23-435f-80f0-0f1c460212a5,80,light,True,True,18:00,True,2026-07-21T17:36:54.868Z
a824b385-3aad-455e-8bec-c7120e0fa85c,2bd7fce8-8f79-4aed-92e5-b7ec1ba3910f,80,light,True,True,18:00,True,2026-07-21T17:36:54.868Z
324f201b-1e54-42a9-b821-7aea656713c4,35f6511b-948c-45f9-8318-9a0da4f21855,80,light,True,True,18:00,True,2026-07-21T17:36:54.868Z
18d74602-c006-4ad7-9240-1b640d693b99,b62a76c5-d779-4cd6-a6ff-cc424c596c93,80,light,True,True,18:00,True,2026-07-21T17:36:54.868Z
08e21dca-245a-4648-b352-75a2e546c8b7,3053b3ba-47ad-49cd-a67a-ce4f45e7633a,80,light,True,True,18:00,True,2026-07-21T17:36:54.868Z
9bb4aaa3-fcc9-43bf-af34-f5b876f31146,6a7b0612-5ee2-4157-9735-a7ac786a4ad6,80,light,True,True,18:00,True,2026-07-21T17:36:54.868Z
16288a22-27aa-4cf8-b2e3-380d9812a52a,a7409db9-bb6d-46b6-833c-2dbff878f6fe,80,light,True,True,18:00,True,2026-07-21T17:36:54.868Z
27eb43d9-3e01-4ab8-9d76-6b0a61735c8f,e25a1134-4247-4278-af5c-d33b825233e4,80,light,True,True,18:00,True,2026-07-21T17:36:54.868Z
590c3500-c2a8-43ba-8d37-190649864ed7,87f0535f-a3a6-46c5-8421-246df777fbc2,80,light,True,True,18:00,True,2026-07-21T17:36:54.868Z
54610243-2897-463e-8fce-ab821a5ad09a,9fdb0c99-e568-4fc2-87d8-86edbed28f07,80,light,True,True,18:00,True,2026-07-21T17:36:54.868Z
6738e35e-0e5c-4029-9aa3-87e6471b4a64,4359cd59-e76d-417f-8775-7e5bcc94ec5c,80,light,True,True,18:00,True,2026-07-21T17:36:54.868Z
5df5ee15-486a-4f80-a026-4f1131dd0675,65efdc1c-7f13-4f12-a99b-d9a8cad1ec4f,80,light,True,True,18:00,True,2026-07-21T17:36:54.868Z
7305c72a-38ff-4c62-9dea-115e39ac0568,504d14de-488e-449e-80ef-c43ac2e49e85,80,light,True,True,18:00,True,2026-07-21T17:36:54.868Z
67d0a815-ec0e-4896-9751-6d6a6d6f2690,c9e3ad1d-add8-48b5-8f9f-5275d32568ed,80,light,True,True,18:00,True,2026-07-21T17:36:54.868Z
d25ec891-a868-43b4-ba3f-7db6e6ddba87,b4642232-8af8-4ef6-8ab7-49fba64011a1,80,light,True,True,18:00,True,2026-07-21T17:36:54.868Z
12d1240f-4fb8-47a1-811d-e5eb8720081e,1af615c9-b563-4a0e-88f6-10ee55a78117,80,light,True,True,18:00,True,2026-07-21T17:36:54.868Z
9ba787de-31ac-4ecc-925e-a4c4f6ff4f14,8c4c125f-f2d1-4743-bea1-d5b43573aa6e,80,light,True,True,18:00,True,2026-07-21T17:36:54.868Z
82659c7c-ce06-49ba-9ce2-916da68e2023,0e4c3a95-b7ee-470d-81fd-dd922e563782,80,light,True,True,18:00,True,2026-07-21T17:36:54.868Z
9cf1f3e3-19f2-4926-a7a6-7c37e088559f,59f1f2ce-3f7b-4f21-ae6b-77b05414855a,80,light,True,True,18:00,True,2026-07-21T17:36:54.868Z
308016ea-27e7-4e30-bdce-ee5273a12b56,3e515111-e77b-4baa-a150-dd2968db1a7a,80,light,True,True,18:00,True,2026-07-21T17:36:54.868Z
d4b8dd27-58f9-4cc3-8d18-123efb9f0b9c,181159f2-8f63-4b93-9025-8f039a8eb3df,80,light,True,True,18:00,True,2026-07-21T17:36:54.868Z
31cfd1da-02b0-4630-9acd-5dec8252a3fb,64cb7cae-45e2-4c68-bebd-0dd629fef7b6,80,light,True,True,18:00,True,2026-07-21T17:36:54.868Z
896f55aa-d266-4663-b29e-37bb0e965fd3,53fd472b-26e4-41d3-92cf-d786715a92a5,80,light,True,True,18:00,True,2026-07-21T17:36:54.868Z
6c68d0fa-0127-41ef-a198-716faf3ce1a2,4a530f96-3449-4a1c-a29a-e13a321187df,80,light,True,True,18:00,True,2026-07-21T17:36:54.868Z
ca682fda-acda-4269-bc07-5e6e76b0595f,a084ce37-c784-4a17-b24a-a38baf664db9,80,light,True,True,18:00,True,2026-07-21T17:36:54.868Z
374a54bb-98a0-4735-9b72-6de1a75d2616,bc4e97e4-63e2-40a1-8f24-2f99d727590b,80,light,True,True,18:00,True,2026-07-21T17:36:54.868Z
b95faec3-4e18-4e72-b8ea-274f282e6059,ab184043-0c6e-4d5e-8386-651d964ba18f,80,light,True,True,18:00,True,2026-07-21T17:36:54.868Z
78fb4d7d-c0f4-44e4-a4c7-717267ee3f04,9f9aac34-86bf-4797-9967-8940b22eb381,80,light,True,True,18:00,True,2026-07-21T17:36:54.868Z
ea5508f7-fb51-49e7-aa44-ff9bd5f4bd7d,bb972d27-07f2-496e-83b9-2d9562e50c88,80,light,True,True,18:00,True,2026-07-21T17:36:54.868Z
5e61988b-a953-463a-a71a-ca00f165c106,d9f585c0-354f-4674-ac83-4f5c7df3a967,80,light,True,True,18:00,True,2026-07-21T17:36:54.868Z
6d722f65-4711-4bef-bb4f-1127b7ff6668,10207b99-8879-42b4-a36c-a9bd7e1260ac,80,light,True,True,18:00,True,2026-07-21T17:36:54.868Z
edc37233-23ea-4005-851b-f6bf3c14490e,aac0b44c-89ba-4ca3-8e81-eca50d219eec,80,light,True,True,18:00,True,2026-07-21T17:36:54.868Z
c3624833-a84d-4ef4-ade5-3793c10e180c,3db9b15d-f15e-43b1-a2a2-85283e3f7be7,80,light,True,True,18:00,True,2026-07-21T17:36:54.868Z
f06b9c7f-ffe1-4792-9629-7155bb8d09df,2edd7513-32ff-4ca4-9fc4-0c7ae1428588,80,light,True,True,18:00,True,2026-07-21T17:36:54.868Z
9c6b4edd-de75-4b76-b77b-ea4d2c1ab26e,67ecda1e-724f-4aa5-9470-f0b4ab7eeafc,80,light,True,True,18:00,True,2026-07-21T17:36:54.868Z
bc951204-3445-43fb-a5a9-6f65691cb834,1a296a2a-7714-4cb3-836d-30febff0aa74,80,light,True,True,18:00,True,2026-07-21T17:36:54.868Z
46ec9da6-8257-454e-bd7b-dcf47512b49e,57331f40-2be8-4bd9-8961-497074deb4f4,80,light,True,True,18:00,True,2026-07-21T17:36:54.868Z
8293df7a-64f8-4e50-a0a0-b34321c08f8c,2ce2451a-ddea-40e2-8ba9-8f1184f06271,80,light,True,True,18:00,True,2026-07-21T17:36:54.868Z
4e77b837-34e6-4e30-9a76-9561f2e03e5e,e23b3f03-0f25-4d7d-b0d4-6126405cc76c,80,light,True,True,18:00,True,2026-07-21T17:36:54.868Z
1f73fc53-cc32-4a84-884b-8edf7110a992,7333ec1a-859f-46d6-98d7-07f098428a83,80,light,True,True,18:00,True,2026-07-21T17:36:54.868Z
c14e9039-74b2-4d56-aa5f-bcf63f1aaa8a,ebbe9c7c-f7e0-4e26-9798-cbb5887eae30,80,light,True,True,18:00,True,2026-07-21T17:36:54.868Z
8dd51fd5-b76f-4b53-8c25-2550ad6f9d08,9a1107de-34e3-4602-93a5-34ed84b709aa,80,light,True,True,18:00,True,2026-07-21T17:36:54.868Z
d3c81d0e-8eef-4698-a43e-c7e8fb51a2f1,a08b87e7-8a48-4fc4-b257-9d31eda824c5,80,light,True,True,18:00,True,2026-07-21T17:36:54.868Z
def35757-e803-4cb9-9830-53ef515083e1,2bd210af-c609-4c45-b29b-a1d3af579ca3,80,light,True,True,18:00,True,2026-07-21T17:36:54.868Z
82bb1cc0-eb2b-4abb-af89-7bbab020921c,e6077bea-c62e-40aa-85ee-030385b5a9d0,80,light,True,True,18:00,True,2026-07-21T17:36:54.868Z
2131fd4f-5fd5-4923-9590-586ae0e07558,5211aa52-cb74-4d0b-ae68-202bea8418da,80,light,True,True,18:00,True,2026-07-21T17:36:54.868Z
71baf297-eb1f-4187-ac85-c0f7d5743b62,9e252f6a-192d-4737-83f3-aca563d8216b,80,light,True,True,18:00,True,2026-07-21T17:36:54.868Z
087d1a1a-7340-4591-af5e-cde58358f8e5,f411a12e-fb0f-4ca3-bf8e-d6f5d43f9def,80,light,True,True,18:00,True,2026-07-21T17:36:54.868Z
99a817cd-05f9-4a40-9483-3f73c941910e,85bc2d88-386c-4f7e-b99e-5d7bf213db62,80,light,True,True,18:00,True,2026-07-21T17:36:54.868Z
